"CV 1","CV 2","CV 3","CV 4","CV 5","CV 6","CV 7","CV 8","CV 9","CV 10","CV 11","CV 12","CV 13","CV 14","catalogNumber","Species","Genus","Subfamily","Family","Sex","Collection","ITD"
12.656166832146,9.14442291541518,3.51090974137457,-2.61224509209908,-2.0340894463334,0.472778357227335,-3.59554608801449,-3.202370225678,-2.8627121633486,-0.283975778602974,1.46305448699355,-0.792509493828474,-1.25091350497708,1.71412442368065,"UCSB_IZC00008208_L","Agapostemon texanus","Agapostemon","Halictinae","Halictidae","Female","UCSB",0.21
12.3954262945565,9.73719980185631,0.546326683035835,-0.750873009203033,-1.46504355937863,2.12396220784472,-0.224453096373942,-1.37145748805957,0.536977264749986,-1.06842515508702,-0.140137116772341,0.198389048351484,0.691749445120564,-1.75653882111442,"UCSB_IZC00036466_L","Agapostemon texanus","Agapostemon","Halictinae","Halictidae","Female","UCSB",0.18
12.2848441932992,10.8393179855008,-0.547392773687044,-2.04711308694055,-1.09517077128489,2.59964967774279,-2.06424603150749,-2.05228425966937,-0.327729069206139,-0.484570019427492,3.24793874591968,1.88690536735859,-1.77978387494866,0.621596761268062,"UCSB_IZC00036601_L","Agapostemon texanus","Agapostemon","Halictinae","Halictidae","Female","UCSB",0.223
12.0301997870759,9.41491267054118,2.40637299838324,-2.25318584078962,-0.51811531944477,1.56469833508493,-2.8705893178178,-2.24281580858639,-1.67309238911905,-0.227214688895057,-0.0559403422453869,0.38877078214703,-0.410312063741198,-2.01267147618194,"UCSB_IZC00037252_L","Agapostemon texanus","Agapostemon","Halictinae","Halictidae","Female","UCSB",0.197
11.8916463661059,8.81579256722227,1.69926213707839,-0.406767847535434,-1.16322115557903,2.25032365034981,-1.87720149472522,-2.41039551050228,-0.594525256718815,-0.941887802494468,0.585557083926695,0.989640599599778,-0.865327327758043,-0.320345643013519,"UCSB_IZC00040751_L","Agapostemon texanus","Agapostemon","Halictinae","Halictidae","Female","UCSB",0.214
12.7593123513835,8.78468025818882,1.09999029706283,-2.64912783532622,-2.00041493560742,2.01509444910393,-1.77522322112371,-2.73827054165333,0.0109880271484211,-2.58067636225994,-0.594485916192695,0.817655247698337,-0.565777969588034,-0.325640999034066,"UCSB_IZC00041034_L","Agapostemon texanus","Agapostemon","Halictinae","Halictidae","Female","UCSB",NA
12.3472985449928,10.3942438130706,1.12972882216871,-0.586627912304999,-0.637005130377719,3.1559275623835,-2.28335680751638,-3.91966763321357,-1.55389684954128,-0.61462622671091,1.43101384279717,2.33493442453335,-0.342156201909721,-1.18592928660003,"UCSB_IZC00042465_L","Agapostemon texanus","Agapostemon","Halictinae","Halictidae","Female","UCSB",NA
12.7262542522251,9.83903206993737,-0.273492611256113,-1.66706092111683,-1.3627147676793,2.13213323709113,-0.971991211786948,-1.55332541699268,0.281512697520688,-2.43092531335296,1.90013793690709,0.629511958653065,-1.75513907667336,0.220388359776694,"UCSB_IZC00041511_L","Agapostemon texanus","Agapostemon","Halictinae","Halictidae","Female","UCSB",NA
13.6446558481254,9.83511496159746,1.08468525086861,-2.53176670331089,-2.16188257632433,3.5499116441478,-2.18973252854296,-1.49321101497476,-0.795403524562803,-0.776182164472959,0.295768463061516,-0.0792473655090351,-0.201882621210643,-1.02379276406475,"UCSB_IZC00038830_R","Agapostemon texanus","Agapostemon","Halictinae","Halictidae","Female","UCSB",NA
13.1428491189315,10.2551401280755,1.03199927422654,-2.03142762733086,-2.00578839908404,3.50224058657331,-1.59882689228337,-2.2768232553149,-0.873953936462178,-1.65732806998832,0.175184145563195,0.0260083248881108,-0.652844945355501,-1.20263713804383,"UCSB_IZC00038830_L","Agapostemon texanus","Agapostemon","Halictinae","Halictidae","Female","UCSB",NA
5.27424309449187,-8.74437248124019,-1.44962812810451,-11.1726308805126,-0.288499676712586,1.1727400399214,3.17194134345986,2.76725763166129,1.09232461723223,-0.792890207386776,-0.268310227818544,1.24052090072661,0.334864529041162,-0.266138850553652,"EMEC_1773529_L","Andrena prunorum","Andrena","Andreninae","Andrenidae","Female","UCSB",0.2656
4.64520635843588,-8.55541590640118,-0.601199965966004,-9.09536222284354,0.819700549522018,1.30814267422096,2.17071018446274,1.88405601836661,0.533554294086782,-0.710291235631508,-0.220925080233006,-0.00364260220598885,0.714799602864874,-0.504738425039439,"EMEC_1773532_L","Andrena prunorum","Andrena","Andreninae","Andrenidae","Female","UCSB",0.2136
6.51159418860639,-6.01488963682801,-1.11695728585719,-9.67958549870889,0.401934281565253,1.09876978214312,2.15103552621563,1.28083623325289,1.83626364812708,-1.43451149605859,-1.45824391239773,-1.19819597495325,1.63959625071687,0.329185154769828,"EMEC_1773557_L","Andrena prunorum","Andrena","Andreninae","Andrenidae","Female","UCSB",0.2317
4.63059580566771,-5.54781610493758,-0.713863843613672,-8.81650760986741,-0.210011139304955,2.93159282025458,0.681654754430284,1.44804077196964,0.608385363951979,-0.222743496555089,-0.772874975479586,1.66109912835867,0.740108055790196,-0.146570230429317,"EMEC_1773582_L","Andrena prunorum","Andrena","Andreninae","Andrenidae","Female","UCSB",0.2376
3.69742501008258,-7.30447418046929,-0.241179425381803,-9.13518688870644,2.28817801333838,0.398859834172039,2.15467897825737,1.4176621487835,0.189452993513869,-0.030548858712776,-2.36771364326158,-0.774368276763106,0.654904591380069,-0.203449052961928,"EMEC_1773606_L","Andrena prunorum","Andrena","Andreninae","Andrenidae","Female","UCSB",0.2134
4.82802886197363,-6.25851434171471,-1.08772877585996,-8.15515909842821,0.031555384308433,3.04150199263119,1.36892213935645,1.72825272002115,0.470581049876963,0.359603431704132,0.150981061004187,0.661324452204159,0.941349318006038,0.00131467204138053,"EMEC_1773582_R","Andrena prunorum","Andrena","Andreninae","Andrenidae","Female","UCSB",NA
5.29200188186861,-7.89899783742434,-0.367022664306403,-8.52268909134151,0.715567130325907,1.76213792661437,1.56732215072047,2.25949550786244,-0.199781976912174,-0.168037289945629,-0.24356852724096,0.403253948362388,0.888636225439803,-0.857329871459913,"EMEC_1773532_R","Andrena prunorum","Andrena","Andreninae","Andrenidae","Female","UCSB",NA
4.84071805742797,-7.53109920448422,-2.14974727008686,-11.482653005025,-0.129989327489549,0.429092193270044,3.57714415673264,1.8757283363417,0.947377575382085,-0.371559254981266,0.212652613495157,1.56993893719662,0.392440380115892,-1.06111114955447,"EMEC_1773529_R","Andrena prunorum","Andrena","Andreninae","Andrenidae","Female","UCSB",NA
5.76040332399498,-5.78330772506792,-1.86852090856865,-10.2414143805132,1.77457304250718,1.10528319221133,1.58240491625464,0.850786249025038,0.851935395283034,-1.44758468602157,-1.62534596055513,-0.479218629049266,1.49313784990468,0.0817658186736609,"EMEC_1773557_R","Andrena prunorum","Andrena","Andreninae","Andrenidae","Female","UCSB",NA
4.5014397232035,-7.58542197622944,-0.569480762564112,-8.13771725202548,0.916735807527054,0.356593414888369,2.61204924225225,0.897899860653549,0.60749809315093,-0.54088013545378,-1.2808189785536,-2.16736642073991,0.938395259534617,0.188253779850194,"EMEC_1773606_R","Andrena prunorum","Andrena","Andreninae","Andrenidae","Female","UCSB",NA
-22.7693881949734,1.54373569787191,2.66392945822689,-2.04454638269212,1.99619454065584,-4.40399446116275,-1.48709481083734,-0.958923414625261,-0.425047413808042,-2.30470949445116,2.97858472422701,0.188264913528663,-1.99143078335226,-1.4781725374691,"SBMNH_ENT0116669_L","Anthophora edwardsii","Anthophora","Apinae","Apidae","Female","SBMNH",0.41435
-23.0032871492727,0.485091164730008,1.07817192262457,-0.609610549780629,0.823673257903883,-7.44516470240286,-1.50338820773165,0.940638831427753,1.65506411063371,-0.361250144025647,0.779208301736971,1.35154434304082,0.283501242888102,1.80456688172186,"SBMNH_ENT0116670_L","Anthophora edwardsii","Anthophora","Apinae","Apidae","Female","SBMNH",0.3467
-24.0767653142397,0.505907906612316,2.98086812642739,-0.412466578132442,2.31301827388002,-4.86645790573568,-1.5691597344141,-0.224168040958013,-0.179684446121644,-2.57483968575313,2.12870604385951,0.92277175939863,2.37148326868513,-1.54100504382542,"SBMNH_ENT0116671_L","Anthophora edwardsii","Anthophora","Apinae","Apidae","Female","SBMNH",0.39675
-24.0343188735508,0.196991148490972,2.7027929199575,-0.256712210214897,1.59315397920759,-5.28887933581282,-1.67831614300245,-0.0941749978758168,1.88170397267857,-3.42524126446437,2.78274696023127,0.739417992484373,1.16445109104771,0.652058231926268,"SBMNH_ENT0116672_L","Anthophora edwardsii","Anthophora","Apinae","Apidae","Female","SBMNH",0.3864
-21.7829067951398,0.304351548500976,1.74764521232969,0.15523276578407,3.37102765293414,-5.33480374278587,0.156144448441683,0.621495383833367,1.18710473279972,-0.98655260133701,0.924639405755885,0.697994395410172,0.316223478861062,0.474588488533106,"UCSB_IZC00010322_L","Anthophora edwardsii","Anthophora","Apinae","Apidae","Female","UCSB",0.351
-21.4550315514648,-0.0818842157057225,0.289855875215341,1.01064395070274,1.31562937962535,-5.5610588068579,-1.61445716201825,-2.63814246361852,0.955886537812584,-2.84587870923565,1.94229342163459,0.883307973185143,0.190965301649194,-0.725086729872832,"UCSB_IZC00010379_L","Anthophora edwardsii","Anthophora","Apinae","Apidae","Female","UCSB",0.388
-20.4106002486667,0.583552634911713,0.992427747456143,0.661658164366313,1.48048786569414,-6.77455123896992,-0.146299880428701,-1.00378809377623,0.975021613170576,-3.82157283643082,0.788219102595799,2.23582288882375,0.289243718925463,0.052573789844635,"UCSB_IZC00037376_L","Anthophora edwardsii","Anthophora","Apinae","Apidae","Female","UCSB",0.327
-23.1692825464437,1.42404712514167,2.40887460111318,-1.98341341887524,2.21879523592839,-5.06719668622985,0.314832063989415,0.082490482721902,0.414596498701641,-2.78911963265416,2.78464268077897,0.994997216583811,-1.16011448402153,-1.08692066415796,"SBMNH_ENT0116669_R","Anthophora edwardsii","Anthophora","Apinae","Apidae","Female","SBMNH",NA
-24.4516810022656,0.262451870866823,-1.0298806233306,-0.603814687892695,-0.711247300837659,-7.83351584934242,-1.61020158646004,1.15761921680143,3.20153135973413,-0.844858794502324,2.56860466929019,2.06094676197187,0.534716823753879,2.09777598282319,"SBMNH_ENT0116670_R","Anthophora edwardsii","Anthophora","Apinae","Apidae","Female","SBMNH",NA
-20.6085592736747,-0.508142403548013,1.53318335409245,0.295723792640466,1.74542022677299,-5.72341770405462,-0.225245718404199,-0.89966863830183,1.25833636790301,-3.74974511898071,1.31834242181446,2.06546052531742,0.382573475003787,-1.24267599519727,"UCSB_IZC00037376_R","Anthophora edwardsii","Anthophora","Apinae","Apidae","Female","UCSB",NA
-6.46036013973396,-3.83626249559879,-17.6830034094613,-2.57754761399139,-2.38884669950509,-2.78952586728635,-1.70384915481963,0.983881242604631,-4.99920296636615,1.45680877134796,-1.51504387406876,2.70477470974703,-0.187405494545271,0.343236960045036,"UCSB_IZC00010881_L","Apis mellifera","Apis","Apinae","Apidae","Female","UCSB",0.286
-10.520041277279,-3.48625826319904,-17.0476105353858,0.685668578595278,-3.44048594276228,-1.52942475618358,-1.51291679007957,0.863423315636325,-4.77312308829499,1.38852018585777,-0.0416828028760405,-0.888369500569839,0.770792140614061,-0.129964667822268,"UCSB_IZC00033241_L","Apis mellifera","Apis","Apinae","Apidae","Female","UCSB",0.303
-10.939075612935,-2.70084160460139,-18.4792003557795,-1.3356061155812,-1.4543706292595,-2.60500351440524,-2.49692885881868,-0.733661583783087,-3.32745998983057,1.12230097235563,-2.17693313444431,-0.259632151278332,1.54379600193472,0.958234651064923,"UCSB_IZC00036441_L","Apis mellifera","Apis","Apinae","Apidae","Female","UCSB",0.297
-10.939075612935,-2.70084160460139,-18.4792003557795,-1.3356061155812,-1.4543706292595,-2.60500351440524,-2.49692885881868,-0.733661583783087,-3.32745998983057,1.12230097235563,-2.17693313444431,-0.259632151278332,1.54379600193472,0.958234651064923,"UCSB_IZC00036441_L","Apis mellifera","Apis","Apinae","Apidae","Female","UCSB",0.284
-9.22733970538921,-5.01806322961593,-18.1223330291639,0.0279948547459473,-2.33100321311008,-4.5565028811103,-2.88422152622477,1.65241862086953,-2.58043549267018,1.1096862885983,-0.816711522408941,-0.390987270215589,-2.08195209834276,-0.925144377345642,"UCSB_IZC00044306_L","Apis mellifera","Apis","Apinae","Apidae","Female","UCSB",0.297
-8.0661659772735,-3.02819806148012,-18.7813944798495,-0.824663537722034,-4.49222617850756,-3.17327392756427,-3.96079835035607,1.07420662093111,-4.24458646841925,-1.01948738238413,-2.12081287599857,-0.466463054292847,-0.41761118357189,-0.477728154406235,"UCSB_IZC00038548_L","Apis mellifera","Apis","Apinae","Apidae","Female","UCSB",NA
-9.22636630537814,-4.57719562953292,-17.2657549780389,-1.93034273664897,-1.54145714611394,-3.69007315294425,-3.96932235001606,3.43542912481608,-3.6658397646051,-1.17247081490315,-0.901953200029683,0.0916493175011362,0.941035173683543,0.391251430121265,"UCSB_IZC00038889_L","Apis mellifera","Apis","Apinae","Apidae","Female","UCSB",NA
-11.4085050548925,-2.52556594454476,-15.9882817466543,-2.39884905162207,-0.648607637507121,-2.5467135728255,-1.85641915099425,0.553009054411446,-2.88605490225933,2.29127947258297,-2.40606511294025,0.434801464079067,0.249638552077528,0.465956536626853,"UCSB_IZC00030944_L","Apis mellifera","Apis","Apinae","Apidae","Female","UCSB",NA
-11.0938232505106,-3.37247107913149,-16.6511899964469,-1.02381454514861,-0.821499885218012,-0.935486596896774,-1.23823078554728,0.899311327322311,-2.42011010502247,1.66419516704379,-1.95080413627444,0.194810420145055,-1.78847136973608,0.0052033228091013,"UCSB_IZC00009049_R","Apis mellifera","Apis","Apinae","Apidae","Female","UCSB",NA
-11.9343703612911,-3.81201130824846,-17.4673620489726,0.0822721516325782,-2.90622721577593,-4.53523380986666,-2.21396496776751,2.09073146084819,-1.42565969651474,3.2809738111318,-2.21444714830467,0.355289516739597,-2.83634850185917,-2.06897357793407,"UCSB_IZC00019263_R","Apis mellifera","Apis","Apinae","Apidae","Female","UCSB",NA
-12.4832214177584,9.48296197147186,3.73867348998419,0.129665803246112,4.34469112947246,2.96900525820846,1.34748508263272,2.68541584432669,1.55473706895304,3.49186532082003,1.70747810853673,-0.787193409906904,-0.92246143590928,0.109762257597421,"UCSB_IZC00010460_L","Bombus californicus","Bombus","Apinae","Apidae","Female","UCSB",0.406
-13.0843601056213,11.3586252844184,3.1274236948872,-1.43582700878593,3.61249075036114,2.49346852542317,2.38067824961337,2.84904827137831,0.174306689957187,1.35706670623506,-0.165375749290542,-0.710868882753338,0.864964693393824,-0.181026576442362,"UCSB_IZC00028371_L","Bombus californicus","Bombus","Apinae","Apidae","Female","UCSB",0.337
-14.3703923794476,11.0962206993299,2.78303338716308,1.3505344400251,3.38799054245831,2.33786172786794,2.98177655463337,3.58283400439582,-1.2436897297968,4.22644135229988,0.193488699380292,-0.58924501205283,-0.71672290149928,0.405915894689548,"UCSB_IZC00035618_L","Bombus californicus","Bombus","Apinae","Apidae","Female","UCSB",0.483
-13.2937470066888,10.1895378903284,3.58637875460782,0.979733938646504,2.75506189658709,1.86879045497418,0.00214758088847677,2.2891771695771,-0.0710229019271232,2.79409842544621,0.107581041744344,-2.17497582797406,0.552076807131226,1.21044060385956,"UCSB_IZC00041667_L","Bombus californicus","Bombus","Apinae","Apidae","Female","UCSB",0.309
-14.0382393006341,9.10692332250079,3.26510301074188,-0.910467058371625,2.64233468861722,1.16768219422564,1.13775470756815,1.94161375050888,-1.28517363293607,3.11584919343793,1.05954969814005,-2.69642012782183,-0.241985482960445,-0.0328595236933158,"UCSB_IZC00042970_L","Bombus californicus","Bombus","Apinae","Apidae","Female","UCSB",0.341
-12.6278629677707,9.67213454382465,3.14361754838813,-0.206153781429675,4.55686709851541,2.22195362401529,2.57620933141111,2.24464616282937,2.34532312846877,3.19448132558132,1.29336011805102,0.0204188808084041,0.132087883914147,-0.250449545528165,"UCSB_IZC00010460_R","Bombus californicus","Bombus","Apinae","Apidae","Female","UCSB",NA
-13.7939817883475,8.96177267873436,3.34061632589707,1.48196281122633,4.83778651330586,1.82661185807673,2.55841081554283,1.53936124949156,-0.896090432376955,3.37532034168065,2.34411950715669,-1.10398685614929,-0.405167998904655,0.279260788148785,"UCSB_IZC00010425_L","Bombus californicus","Bombus","Apinae","Apidae","Female","UCSB",NA
-13.3508991365415,8.49499313017715,3.01796961455034,-0.427655483968502,2.44155287622567,1.66361057725031,0.447453447510002,3.15727889262492,-0.542497699901495,2.94865675170336,0.641220237871388,-2.87603499981373,-0.529715525491742,-0.642161198874392,"UCSB_IZC00042970_R","Bombus californicus","Bombus","Apinae","Apidae","Female","UCSB",NA
-13.793842962352,12.3074104629821,2.05519839975834,2.12583911867842,4.60261812139433,2.85976460306074,0.675006128400231,3.65825561821467,0.119173217926604,2.23784623714638,1.37716588581905,-0.502027908972827,0.908755132397559,-0.292644625335977,"UCSB_IZC00010546_L","Bombus californicus","Bombus","Apinae","Apidae","Female","UCSB",NA
-12.7391542578464,12.5893419593182,4.1723538572897,0.695021590871803,3.0758804559137,1.26178466519734,2.79212791433318,3.52706791475998,-2.31674113518294,3.82535192003857,0.0888659126971061,-0.434656308888066,-0.751054425150162,0.622230965003111,"UCSB_IZC00035618_R","Bombus californicus","Bombus","Apinae","Apidae","Female","UCSB",NA
8.69550070364642,-3.93564295928259,-1.92845943794378,0.113468645906716,-1.81110073042044,0.126471030098389,4.28740826592371,-2.70657184327767,-2.75220112364805,1.10232112712619,3.43530303167674,1.11276650553247,-1.10978824760442,3.52016081317405,"UCSB_IZC00055289_L","Calliopsis andreniformis","Calliopsis","Panurginae","Andrenidae","Female","UCSB",0.117
6.0927551541167,-5.39226305168032,-1.9048323610749,1.38599592351801,-4.27736258069051,1.72040900050102,4.53472180660986,-1.44011284766698,-0.871709224239497,0.150941184727698,1.58635778026172,1.76095164722336,-0.597160454366179,0.652597636926032,"UCSB_IZC00055354_R","Calliopsis andreniformis","Calliopsis","Panurginae","Andrenidae","Female","UCSB",0.134
7.35691217129199,-2.56836624547595,-2.05469752625193,0.924409524134129,-3.17287992318081,1.34581346857556,2.00972147753697,-2.83943156085425,-2.84579680855542,2.0093293912648,0.827838468754072,2.72283562206147,-0.831823775337601,-0.0996898047969841,"UCSB_IZC00055752_L","Calliopsis andreniformis","Calliopsis","Panurginae","Andrenidae","Female","UCSB",0.139
8.68370145037437,-5.09085222319334,-2.10457114986035,-0.576544123021659,-2.40983890783556,1.90767329200067,1.26310434048266,-3.18478993625672,0.316720171791904,5.02276834437939,0.638884456674362,2.63295429593958,1.61239034792529,2.2715294009597,"UCSB_IZC00058762_R","Calliopsis andreniformis","Calliopsis","Panurginae","Andrenidae","Female","UCSB",0.116
7.88478778428836,-5.84548499306097,-3.72178766768982,1.02096230808767,-0.0177782968913234,1.72424568780045,2.47534249326951,-0.937854617824357,-2.07855084195639,-0.125190301949115,1.33835300820981,1.72711850351532,-0.471807416930546,-0.48077268835579,"UCSB_IZC00058791_L","Calliopsis andreniformis","Calliopsis","Panurginae","Andrenidae","Female","UCSB",0.131
5.31047286007294,-4.87996525590321,-1.62796216519159,1.73991816520199,-2.8684779125703,2.91679361753585,2.67636638363167,-2.53596216551965,-3.19720095480575,-0.209152864859437,2.54505397791024,-0.247526905454947,1.36320010095439,0.145523671908934,"UCSB_IZC00062637_L","Calliopsis andreniformis","Calliopsis","Panurginae","Andrenidae","Female","UCSB",0.153
8.64248525087506,-5.51042549250643,-4.8985448438348,0.955370352048085,-0.750750222406948,1.70728925416954,1.84475526730691,-2.12106874121679,-1.82233990236945,-0.222583585392426,2.14997112046012,0.592216918307382,-0.0421266658991113,-0.554770080594685,"UCSB_IZC00055358_R","Calliopsis andreniformis","Calliopsis","Panurginae","Andrenidae","Female","UCSB",NA
8.33167923944879,-4.25186757669664,-2.05945297614825,1.63061139203412,-1.81637172977282,1.33709897398835,3.71284614305217,-1.38154202776785,-2.82449757284286,-0.0697721513048277,1.37181079114832,1.94868317151624,-0.781784216469587,0.151655154859024,"UCSB_IZC00058743_R","Calliopsis andreniformis","Calliopsis","Panurginae","Andrenidae","Female","UCSB",NA
6.84188962610199,-5.24886283560341,-2.46982590782347,1.1072433002332,-3.68008204290314,-0.119550270449464,2.73881976163773,-1.95617894980491,-2.4451113201023,0.366444241380217,1.96485521133887,1.39874578882074,0.458003347650218,-0.692486221694627,"UCSB_IZC00055354_L","Calliopsis andreniformis","Calliopsis","Panurginae","Andrenidae","Female","UCSB",NA
8.36146360232238,-4.9657792063406,-0.790973157940431,-0.62389974550087,-2.25120105818696,1.74426599020633,2.25419803379097,-3.35151482441073,-1.49297272584835,3.28384982513727,2.3462484441477,1.83851057854514,1.1934681719155,2.25656424971806,"UCSB_IZC00058762_L","Calliopsis andreniformis","Calliopsis","Panurginae","Andrenidae","Female","UCSB",NA
13.9609992894459,4.95223495577824,2.61813083568077,3.50424277771406,-3.26868109251128,-3.20883056826322,-0.731602187528408,-0.721972923243091,-0.105518626177909,3.03989738240612,2.2211098977319,-0.157204405772683,0.588346023720261,-1.6227035914805,"UCSB_IZC00065370_R","Ceratina strenua","Ceratina","Xylocopinae","Apidae","Female","UCSB",0.128
14.5064448147442,3.65963389740773,0.950736949524556,2.14778034563988,-3.29542974413974,-4.25243386876251,0.112677803537549,-0.681642997156941,0.629565526462512,3.07459588856131,1.04246479705763,0.704917524331464,0.420983273987866,-2.2421138144003,"UCSB_IZC00058718_R","Ceratina strenua","Ceratina","Xylocopinae","Apidae","Female","UCSB",0.118
12.4440021146999,4.05306933307808,-1.27613993914985,2.21263465000731,-1.0102346298901,-3.63747727978595,0.227648117573224,1.23795158073474,-0.945020660341849,1.86082499880428,0.479130795229152,-0.773681538038504,0.685546544248281,-0.629524055550971,"UCSB_IZC00058764_L","Ceratina strenua","Ceratina","Xylocopinae","Apidae","Female","UCSB",0.104
12.4621771836029,4.6641782180512,-0.369162884366928,3.62644077889343,-0.205870061496083,-5.15459976396563,0.259305024275639,0.505119132876587,-0.806555617487013,3.36476893677129,0.252063484982078,0.335068739158578,1.23333051874536,-1.33732005138458,"UCSB_IZC00055264_L","Ceratina strenua","Ceratina","Xylocopinae","Apidae","Female","UCSB",0.12
14.5553727606376,5.21376474595244,2.08166617732899,3.36723069698698,-2.28450317724763,-3.82643281866903,-1.92077784180472,0.274266371142166,1.54755058393197,2.93618998761945,2.67305462609122,0.0960634828255613,0.473890773299303,-0.570237821432991,"UCSB_IZC00058709_L","Ceratina strenua","Ceratina","Xylocopinae","Apidae","Female","UCSB",0.127
13.2136065430333,6.02124598678096,0.576881007155607,5.17756261652709,-3.11653965601104,-2.48391735958367,1.23718999514638,1.39788528950183,0.766288834639267,3.34414934065457,0.521273191649525,0.0344040782689328,-0.562465157624584,0.940159827019066,"UCSB_IZC00065404_R","Ceratina strenua","Ceratina","Xylocopinae","Apidae","Female","UCSB",0.117
13.604840123356,3.47684869595382,0.199719635711891,0.225413922725456,-2.24507503501745,-4.67787536420284,1.25522944475632,-1.31998177778238,0.0755585272578691,4.17497983300313,1.54007535971624,0.453192033970924,-2.65395830940349,0.850966255770387,"UCSB_IZC00062589_R","Ceratina strenua","Ceratina","Xylocopinae","Apidae","Female","UCSB",0.087
12.1879562183775,2.4517756841123,-0.463965253722643,4.05734753769292,-2.86910468820444,-3.17845978412648,-0.941815764978892,0.99236409566603,0.0601081497869663,3.18659989935099,1.41134146154013,-1.36386080995668,2.59544186602647,-0.0261295100278659,"UCSB_IZC00058722_L","Ceratina strenua","Ceratina","Xylocopinae","Apidae","Female","UCSB",0.107
13.1943629277847,4.96956068375114,0.232673216310252,2.06090354339182,-3.20614408284722,-4.84633706896755,-0.199533913897203,0.336609357225185,0.453453735494675,3.03773263225852,1.94164873749307,-0.188804294043922,1.35558880503644,0.471211672156667,"UCSB_IZC00058691_R","Ceratina strenua","Ceratina","Xylocopinae","Apidae","Female","UCSB",0.114
14.7494287237355,4.83327394035383,0.132500167073892,3.43838522828587,-0.921053380729118,-3.66906977539875,-2.30393454425187,1.79598608652394,-1.37224150208296,2.99933965197709,0.269167139630926,1.13778627759497,0.962854906465288,-1.24567808353794,"UCSB_IZC00058790_L","Ceratina strenua","Ceratina","Xylocopinae","Apidae","Female","UCSB",0.122
-5.21587615389809,1.93678001944828,9.04848649810191,3.93160390556647,0.726716472042557,4.65158530055274,-6.85644991237394,3.96759588120249,-0.387632234358301,-0.805686850195304,-0.67415431617693,-0.0862555292874643,0.83027590549836,1.28370593639349,"UCSB_IZC00030264_L","Diadasia bituberculata","Diadasia","Apinae","Apidae","Female","UCSB",0.304
-5.58509074621466,-0.370143246172136,7.20621699939919,3.50716704637545,2.71152386434609,6.45309491802829,-6.16388004766866,2.0010783969055,-0.474416313273947,-1.62836865866088,1.92803138078835,2.38303922789355,-0.110526127285589,1.04757214551565,"UCSB_IZC00031299_L","Diadasia bituberculata","Diadasia","Apinae","Apidae","Female","UCSB",0.295
-3.59803833120517,0.0398531498316568,6.36822956511086,3.11715171017016,2.41599948085688,5.70771331341491,-5.05781706578415,0.259647525290283,-1.40221885646397,-0.534072865725121,-0.398601484804902,-1.59383285955161,0.589584747015772,0.624499136689951,"UCSB_IZC00037171_L","Diadasia bituberculata","Diadasia","Apinae","Apidae","Female","UCSB",0.36
-4.49298310316403,0.946133211118561,7.20201180838157,4.30035781436396,0.852285724158704,4.03152240587756,-8.52105201871384,3.19014518776911,0.082470190542107,-1.50899202736459,1.15571616621071,0.527835894720454,-0.382745351783387,-0.0125452330148929,"UCSB_IZC00037255_L","Diadasia bituberculata","Diadasia","Apinae","Apidae","Female","UCSB",0.314
-3.13824991454101,1.80335031236903,7.86376792453133,5.55026897884189,0.7648061151304,4.03564273718119,-6.61827860554421,3.20357771681707,-2.19010490753867,-0.356924701652523,2.78006633378462,1.719001375972,0.230240646767735,-0.0931846248695696,"UCSB_IZC00037347_L","Diadasia bituberculata","Diadasia","Apinae","Apidae","Female","UCSB",0.338
-2.69229297755956,0.657131974013244,9.67414368837864,4.78473364131676,2.20461062721109,4.18720343735045,-6.72205331756916,3.50141467025306,-0.295426932235176,-1.33565224305475,-0.83586428827713,0.749385861131693,1.2420886022192,0.12980605766038,"UCSB_IZC00037492_R","Diadasia bituberculata","Diadasia","Apinae","Apidae","Female","UCSB",NA
-3.00818072763363,-0.190760106060058,5.75727808577819,2.54548320910424,-0.139796882783052,5.00932698512762,-6.50779034293751,2.47105147030865,-3.41304551358556,1.56556591846678,-1.92201964510785,0.501740103231081,0.58804729132275,-0.879914724146502,"UCSB_IZC00040929_R","Diadasia bituberculata","Diadasia","Apinae","Apidae","Female","UCSB",NA
-3.39796448980676,0.0173729428921145,5.44490807380374,1.74861657887137,-0.638874164765486,5.87061559987825,-5.97660928442452,2.07953119021341,-3.21671933228994,0.651306595529588,-2.04416852731618,0.865792992383242,0.253627329733423,-0.516118397453305,"UCSB_IZC00040929_L","Diadasia bituberculata","Diadasia","Apinae","Apidae","Female","UCSB",NA
-3.33382874946193,-1.19222573469337,6.67182649957389,4.40794060075432,1.29698104461839,5.29861162524766,-5.50445443821559,2.40138993774932,-0.989635121654606,0.818559033951926,-1.04621668875347,-0.604543925405319,-0.273964361918273,-0.66842172283426,"UCSB_IZC00037171_R","Diadasia bituberculata","Diadasia","Apinae","Apidae","Female","UCSB",NA
-3.80035102119157,-0.982902650057531,7.65117837426803,3.55746044658682,1.30251521097525,5.04849298976127,-6.81602641471704,3.89373682617182,-0.473583188333403,-1.76670718520205,-1.54966575824486,1.71229026851306,1.25994460266858,1.01337968877676,"UCSB_IZC00038796_L","Diadasia bituberculata","Diadasia","Apinae","Apidae","Female","UCSB",NA
-3.25334239656074,-7.87099099684884,3.79829473370912,7.53438162688314,-1.157545309616,1.39253804381584,5.15221577401063,2.88158912962534,-2.32943352440398,-1.57816222231423,0.562927769644795,0.847934931732923,-0.226274877472922,-1.29043921174882,"UCSB_IZC00009829_L","Eucera actuosa","Eucera","Apinae","Apidae","Female","UCSB",0.28
-2.93461703004346,-8.12547832215798,3.90114582369663,5.93955935489609,-0.592569795472111,1.89530652247096,4.80638201833813,4.08821114178699,-3.45369912803927,-1.92275249488619,0.126008382335018,-0.791382273873017,-0.223271074004123,-0.786957277903793,"UCSB_IZC00030337_L","Eucera actuosa","Eucera","Apinae","Apidae","Female","UCSB",0.262
-4.21769495739466,-6.8989207716264,4.25497025469367,6.32226197008405,-1.58085457610972,-0.0338471556866018,6.94834604588112,3.75586828082558,-2.95339254340653,-2.38245849632676,-1.32245672056516,-0.384698168966968,-1.30459696676575,-0.767214744393825,"UCSB_IZC00043471_L","Eucera actuosa","Eucera","Apinae","Apidae","Female","UCSB",0.271
-3.07386478243943,-6.44266730737522,4.73320185990861,5.13365331610155,-0.764648139765957,2.19037227600138,4.6695403819541,4.50672959104707,-1.15155914619127,-0.172226134459271,1.87993856116203,-1.02874158138332,2.30104381796592,-0.0249554046581526,"UCSB_IZC00043584_L","Eucera actuosa","Eucera","Apinae","Apidae","Female","UCSB",0.288
-3.31902342227103,-5.2288830083847,3.706898548586,6.06120965748784,-0.565219861831465,1.44468196280386,4.83654101221466,3.96138610483267,-1.71815919933162,-2.6598648714986,-0.639926175505766,-1.35823390229087,-0.401947370616139,-0.781703838584491,"UCSB_IZC00047217_L","Eucera actuosa","Eucera","Apinae","Apidae","Female","UCSB",0.279
-5.00520597021603,-5.83953248511771,2.76151875074701,7.40633918653111,-1.32331176991669,0.990857511825217,4.30419452952307,3.45328824076351,-1.9342203231105,-1.78610930039075,-1.33518679434133,0.17948560732562,-0.8268525384206,0.256046891284151,"UCSB_IZC00047317_L","Eucera actuosa","Eucera","Apinae","Apidae","Female","UCSB",NA
-3.20313180828621,-4.85908121678215,2.5435668108822,6.76804692575475,-0.724459970588502,0.734919059537817,5.5440033269081,5.50479435617598,-2.67020628676028,-1.51992915190376,0.6556711124863,0.485225239753795,-1.46501108231959,-1.09422133171622,"UCSB_IZC00047293_L","Eucera actuosa","Eucera","Apinae","Apidae","Female","UCSB",NA
-5.68386529790838,-5.89452159015226,4.61186544596828,5.93716217330881,-0.256453651372173,2.25444613557806,5.34825641080415,1.67487578907042,-2.80187540093926,-3.25193251202929,-1.46477770597637,1.95414895186034,0.625625605789098,0.425378609786,"UCSB_IZC00043205_L","Eucera actuosa","Eucera","Apinae","Apidae","Female","UCSB",NA
-3.00415474195283,-6.61930790775485,3.98722770241286,7.3562213576922,-1.82893707038805,3.43688972974056,5.71021421901617,3.05780114944145,-1.72027143162696,-1.82530665432697,-0.360686557449175,1.49354684556637,-0.21279437854866,0.208248305191779,"UCSB_IZC00047281_L","Eucera actuosa","Eucera","Apinae","Apidae","Female","UCSB",NA
-2.39870221208127,-3.95013288802153,4.31512837569232,8.36625884670924,-1.74774571720831,2.41303111101084,5.32900200148493,4.45622492572986,-1.50764384022776,-2.23609680096241,-1.12747269796782,0.348905871627023,-1.4350147906309,0.310350293018196,"UCSB_IZC00046915_L","Eucera actuosa","Eucera","Apinae","Apidae","Female","UCSB",NA
-17.0447171904279,1.48827271106163,10.091616036345,-5.21266963454692,1.01702906391479,-2.29199682004298,0.327985210431141,-3.27143841720731,-1.77526318932708,0.454943919679125,-2.43706576389862,0.226064828263238,0.334971037081405,-0.279821351620201,"UCSB_IZC00009790_L","Habropoda depressa","Habropoda","Apinae","Apidae","Female","UCSB",0.417
-15.2844418982707,0.626688708319937,11.7239840820119,-4.41006143698237,1.58884349300443,-2.67626270809593,0.815844879722107,-2.37971970999547,-0.634716615386029,1.53839722641081,-0.265928620097539,-0.513487722369149,-0.32198322121284,-0.826805337776216,"UCSB_IZC00010287_L","Habropoda depressa","Habropoda","Apinae","Apidae","Female","UCSB",0.388
-15.7438230948847,1.85876546978592,10.5713009520553,-5.18735910617692,2.40714430920535,-3.73507061298576,0.607291125796678,-3.17547101351757,-1.49419896700088,1.00804154206298,-0.87375128871276,-0.654693743097882,-1.29793369820476,-0.338727631072629,"UCSB_IZC00033743_L","Habropoda depressa","Habropoda","Apinae","Apidae","Female","UCSB",0.381
-14.4123266791229,1.54556678596834,10.3055184373547,-4.87172370236805,1.93982663015146,-2.95567830721167,1.03147486422013,-1.31820570686827,-0.431696222078032,0.896124145508678,-0.486729976194767,-0.85882016136139,0.798368645218775,-0.312888429517617,"UCSB_IZC00041391_L","Habropoda depressa","Habropoda","Apinae","Apidae","Female","UCSB",0.388
-15.8340298077628,1.54022893086769,11.1269748787087,-6.50060447986545,2.47267085541757,-1.89893545997466,1.26475834081729,-1.25122720025076,-0.90146751379108,0.66238723283756,-1.54584942505277,-0.0849061698484748,-0.795912980330027,-0.575728697752802,"UCSB_IZC00047053_L","Habropoda depressa","Habropoda","Apinae","Apidae","Female","UCSB",0.376
-14.1239240669749,0.974026467544367,12.2029925105575,-5.44415152293089,1.74265696932363,-3.60918276035747,-0.401457349406165,-2.69982843044103,-1.43182222502728,0.199324834972414,-0.98272211648045,-0.163578658913714,-0.0824776076398164,-0.297234463847998,"UCSB_IZC00028354_R","Habropoda depressa","Habropoda","Apinae","Apidae","Female","UCSB",NA
-15.1513532985638,0.823129028351618,11.3088727722872,-5.28418157638963,1.15372433111098,-3.98171405020729,-0.447514769074196,-2.48564766522615,-1.07240006736851,0.769784888194441,0.564224207838924,-0.206644713637971,-0.52258574101391,1.22892631718594,"UCSB_IZC00028354_L","Habropoda depressa","Habropoda","Apinae","Apidae","Female","UCSB",NA
-15.2709688737626,1.15511290306733,10.3424976724176,-5.91638377529431,2.6515635155406,-2.93998558902577,0.655662542118177,-3.48997365186541,-0.86763428756007,2.04389778895647,-0.6987813623296,-1.44140019091487,-1.75448519344723,-1.63620030214663,"UCSB_IZC00033743_R","Habropoda depressa","Habropoda","Apinae","Apidae","Female","UCSB",NA
-16.2574546933931,-0.141340912277518,11.3422469563881,-4.92695900706446,2.28106439376203,-3.55138130002433,1.28793338005006,-4.62676800217465,-1.73017292376229,-0.10126819386355,-2.6014757963379,1.06280988339152,0.501871216092787,2.48187414164242,"UCSB_IZC00014915_L","Habropoda depressa","Habropoda","Apinae","Apidae","Female","UCSB",NA
-14.2166747348427,2.22094172830597,11.9700925938139,-4.57147300359035,1.53799952625978,-2.72326502194639,2.17369754342851,-1.9142727359861,-0.787631282953523,-0.123723656567009,-1.97414550140654,-1.80921265132604,-0.303435209899925,1.78923026370003,"UCSB_IZC00009790_R","Habropoda depressa","Habropoda","Apinae","Apidae","Female","UCSB",NA
11.8035174225976,7.19332055970774,4.49403711475324,-3.52176817109174,2.0767581827163,2.73823528929933,0.223421655356981,-0.298971749711481,-0.596248167647099,-1.14667706184267,-1.71149586580708,-0.160208992535494,-0.344387635931912,0.362669152839659,"UCSB_IZC00030122_L","Halictus farinosus","Halictus","Halictinae","Halictidae","Female","UCSB",0.222
10.7573976080704,6.45438625678616,6.38665166972072,-4.05864052355454,3.08725853983359,1.66476348467401,1.48348674998905,-1.48097751268896,-2.10125671175061,-0.740854755816064,0.276690940254887,0.528947949894828,0.186937690980283,-0.28931537397533,"UCSB_IZC00030348_L","Halictus farinosus","Halictus","Halictinae","Halictidae","Female","UCSB",0.228
12.6225370490532,6.90677856140877,4.92870705959162,-3.96438243772836,-1.20404159347203,1.32235674882744,2.32249256904093,-3.40646470449427,-2.2223181807735,-0.237752559918609,-1.20658834397503,-0.867739216091858,-0.183830692306821,-0.0838588644353974,"UCSB_IZC00034799_R","Halictus farinosus","Halictus","Halictinae","Halictidae","Female","UCSB",0.229
10.7907325200437,8.42380933334425,5.06678185087988,-4.8065766307315,0.923275996721745,2.66393227943157,1.42426539986358,-3.63244033759588,-1.55124420919293,-0.95529833641058,-1.77559889403314,0.581016831133814,-0.108642787501685,0.376055598188073,"UCSB_IZC00042935_L","Halictus farinosus","Halictus","Halictinae","Halictidae","Female","UCSB",0.238
11.3927293019714,7.30105030886356,5.05650957318384,-5.41135175839463,0.921287080846325,0.557166350339845,1.28042443939112,-3.68642937621729,-2.8680175065881,-0.552910740822799,-0.537064246107099,0.25088446360723,-0.109080893384024,-0.434556344372887,"UCSB_IZC00046903_L","Halictus farinosus","Halictus","Halictinae","Halictidae","Female","UCSB",0.243
10.8574748772446,7.80934708832447,4.28853629714094,-6.22783764535225,2.66468530165009,-0.2312270177744,0.853989846350376,-1.80408876204537,-1.98570154909309,-0.786788832925826,-1.85168196009309,0.65227876917928,0.458898539705786,-0.3389200373861,"UCSB_IZC00047210_R","Halictus farinosus","Halictus","Halictinae","Halictidae","Female","UCSB",NA
10.7722291429268,7.90545223367181,3.45824822119327,-5.05979925086412,2.11036524712282,0.0917028918684451,-0.0719897236471334,-2.18566167219756,-1.89167104900587,-0.375606990964531,-1.93207220492891,0.842084165456871,1.84182439256289,0.720331398140248,"UCSB_IZC00036773_R","Halictus farinosus","Halictus","Halictinae","Halictidae","Female","UCSB",NA
10.699785912658,6.446908319444,4.90374630680017,-5.80990903467935,1.514808517121,0.24463147593166,0.0646898671676313,-2.09933397181592,-1.09543197309911,-1.06242684054173,-2.19950586333507,0.365550097465308,0.971623636387977,-0.781516059577565,"UCSB_IZC00047210_L","Halictus farinosus","Halictus","Halictinae","Halictidae","Female","UCSB",NA
11.133229784248,8.50803111377693,4.39410805736625,-5.06105350573684,1.67017634906956,1.64748093894038,0.428722545001502,-1.9340096764631,-1.70048594258833,-0.814213720887174,-1.59088971889663,0.716684531633277,-0.3922250577208,0.0212678815786239,"UCSB_IZC00042935_R","Halictus farinosus","Halictus","Halictinae","Halictidae","Female","UCSB",NA
11.8158233325834,8.57171152090742,4.08384681628248,-5.14595862956016,1.47858288741029,0.502841369397198,0.95424201313423,-1.96422286920933,-1.76205152734795,0.0111152564508411,-2.03423363338468,0.0754004051926234,-0.343067276388236,0.879359380878333,"UCSB_IZC00036773_L","Halictus farinosus","Halictus","Halictinae","Halictidae","Female","UCSB",NA
10.8344053089181,-12.8044408551464,-2.78043641806509,4.1034373097776,7.639208759531,0.791558034405153,-2.72338021566018,-3.46622227244085,-0.0678210200759714,-2.87470860629742,0.120132295816989,-1.83982716241298,-1.56185305382663,1.56260322408375,"LACM_ENT247827_R","Hesperapis larreae","Hesperapis","Dasypodainae","Melittidae","Female","LACM",0.167
11.596533297079,-11.2124869899662,-4.24119943197867,5.19108040117383,8.13757564865503,-0.547902534647316,-0.876689544032675,-4.73691148209335,-0.388812577164827,-1.7585204325449,1.09575519438702,-2.27477313675977,-1.16026044203782,-0.427274509319262,"LACM_ENT601903_R","Hesperapis larreae","Hesperapis","Dasypodainae","Melittidae","Female","LACM",0.163
10.9429120097641,-10.8824829346333,-4.85253943515265,4.60213318543114,8.76371075423306,-1.37951362142263,-0.900950551255712,-4.2079542864954,-1.82238328867557,-2.88952498147128,0.719414812889841,-2.46514043991749,-1.05383999554036,-0.21710803294761,"LACM_ENT601925_L","Hesperapis larreae","Hesperapis","Dasypodainae","Melittidae","Female","LACM",0.167
10.5873250052986,-11.7555003699138,-2.01963786055166,5.30472271175025,8.19807629962284,-3.66498109433035,-1.91631930669177,-4.25423718803963,0.0956056560227372,1.20530862266181,1.34877013362553,-1.89391472187748,1.50585814833291,-1.37583809373923,"LACM_ENT601968_L","Hesperapis larreae","Hesperapis","Dasypodainae","Melittidae","Female","LACM",0.153
11.1078670962777,-10.8465256280094,-1.48880816017273,5.50492959057596,7.98271830837457,-0.226713275413119,-1.25348120180197,-1.61935579957299,-0.65346349957901,0.659859549727792,0.154471178363602,-2.98940133948186,-0.125451077807106,0.0682434538566141,"LACM_ENT602211_R","Hesperapis larreae","Hesperapis","Dasypodainae","Melittidae","Female","LACM",0.167
11.4150305463249,-12.5496101790545,-2.69185783426612,4.38030424065874,7.55147601983529,0.00168281107167129,-1.9668951521602,-2.75359366002764,-0.944031531334438,0.857538204563251,0.276664292943696,-0.21903260723548,-0.0263870450962652,-1.02281521247401,"LACM_ENT602319_R","Hesperapis larreae","Hesperapis","Dasypodainae","Melittidae","Female","LACM",NA
10.0880411179002,-11.4592353183658,-5.14690079014945,5.30542290316917,9.50649813170017,-1.6824420230801,-0.265709814151825,-1.3081566018797,-1.59692227009982,-0.0936841146470661,0.849751935208438,-2.12891305253381,0.594557629268414,-0.118207372277563,"LACM_ENT601925_R","Hesperapis larreae","Hesperapis","Dasypodainae","Melittidae","Female","LACM",NA
11.4382985637933,-12.6625062158134,-3.78456497021023,4.37255269678622,7.2217381930079,-0.83879057844504,0.945167985766134,-1.98342456257778,-0.395336687960177,-1.00529533506807,1.04140935620568,-0.615406864949581,2.28164101294851,-0.645574439886925,"LACM_ENT602232_R","Hesperapis larreae","Hesperapis","Dasypodainae","Melittidae","Female","LACM",NA
11.2961553687894,-11.9286968411815,-3.18168251646234,4.44283719172093,7.6689645230917,0.354973342188263,-2.67231617686185,-3.1796568112018,-0.61005513850142,-1.69079012889644,0.675845775391482,-1.76316802945206,-1.14310985602172,1.20152095979802,"LACM_ENT247827_L","Hesperapis larreae","Hesperapis","Dasypodainae","Melittidae","Female","LACM",NA
10.7611552993813,-13.4196975462062,-2.76704593476719,4.93253653754362,6.69908155220722,-0.433838020636382,1.02874167053174,-3.15570401208071,-1.94118192425897,-1.02496084083356,0.745130095042628,-1.59865308121555,1.28230407452035,0.729444756070374,"LACM_ENT602232_L","Hesperapis larreae","Hesperapis","Dasypodainae","Melittidae","Female","LACM",NA
15.7991645088786,8.49745239473172,0.434512519624719,4.26459006795206,-2.69843228960638,-3.05519303022837,1.74026078470887,2.0840413508052,1.88802204519311,-1.68576843385574,-0.403839881476926,-1.41327188657842,0.259254671734271,-0.836995816402477,"UCSB_IZC00059189_L","Lasioglossum hitchensi","Lasioglossum","Halictinae","Halictidae","Female","UCSB",0.115
17.2231794485235,7.81469523074251,1.67694091543378,7.12950950999066,1.33827496499183,-5.83380824808662,0.310889080466163,1.71301158831312,1.28842999687659,-1.17620168568176,-1.2431434860057,-0.66465044359626,-0.42965041564758,1.51743083844616,"UCSB_IZC00063940_L","Lasioglossum hitchensi","Lasioglossum","Halictinae","Halictidae","Female","UCSB",0.108
18.2305060231806,10.1723083600254,1.67652041096879,3.7031233218114,-2.04331735981031,-6.39834808145556,-0.301002500014974,3.43907593537543,2.69975670036715,-2.38471335198277,-3.4623157499842,-0.0785155059461764,-0.873975782278313,-0.736508437495258,"UCSB_IZC00065443_L","Lasioglossum hitchensi","Lasioglossum","Halictinae","Halictidae","Female","UCSB",0.117
20.2011093990168,10.2642125246627,1.72273215701459,7.74988699570258,-0.0935897302904958,-7.7091977476273,1.2845077254274,0.933205065821315,2.69336861212967,-1.57949591536935,-1.9076887049382,-0.0469790079317883,1.10726771516172,0.290501227454433,"UCSB_IZC00058777_L","Lasioglossum hitchensi","Lasioglossum","Halictinae","Halictidae","Female","UCSB",0.107
17.2801528252944,8.19886139608663,-0.849732812410833,6.29317141412749,-0.641521634752016,-5.75586587448101,-0.0626801069109515,2.05804831312773,0.0555381176645553,-0.759500976203323,-0.576310714970159,0.118953851821019,-1.26375662732688,3.72588482677323,"UCSB_IZC00055286_L","Lasioglossum hitchensi","Lasioglossum","Halictinae","Halictidae","Female","UCSB",0.107
17.4150942217149,9.27578700870704,0.538752393014599,4.7799274204992,-0.309598857281671,-4.43103686575436,-2.5655334641712,2.59007078983722,1.02693609615214,-0.983603760800529,-1.94823355868581,1.91696590056667,-0.422284037555231,-0.0771462144009208,"UCSB_IZC00059219_L","Lasioglossum hitchensi","Lasioglossum","Halictinae","Halictidae","Female","UCSB",0.113
17.4044415520062,9.6389762364868,1.07044921209354,3.35994447474668,1.02638832732043,-5.2500148870541,-0.41848132125698,2.5713366827634,2.84885771252768,-1.77371577768052,-0.511401734085082,0.215257693885259,-0.464426137092907,1.31394799515437,"UCSB_IZC00063917_L","Lasioglossum hitchensi","Lasioglossum","Halictinae","Halictidae","Female","UCSB",0.101
17.7837525959714,9.74295373358893,2.33397789461226,4.74144520360902,-1.52569295447757,-5.69990990874814,0.250117035490643,3.63002353994983,1.44269119670111,-1.7990721562364,-2.31452490582017,-1.18000036986864,-0.25152716246306,-1.24528249631567,"UCSB_IZC00063954_L","Lasioglossum hitchensi","Lasioglossum","Halictinae","Halictidae","Female","UCSB",0.1
16.6951958876083,11.7355527896899,0.131676842828194,3.136504471906,-1.7154677295279,-4.59770328845228,-0.0247970781094803,2.09868491364212,1.30240942070794,-1.48359067956577,-1.27832723027771,0.275307113805916,0.435358466464914,1.04156115577171,"UCSB_IZC00059172_L","Lasioglossum hitchensi","Lasioglossum","Halictinae","Halictidae","Female","UCSB",0.112
17.4157745748909,11.333010539242,1.82179263798483,4.57667136126494,-1.02595918348725,-7.74796660225232,2.48767141018938,1.28021876280251,2.01652249607326,-0.127212133625627,-1.6303192173491,-1.21246120801432,1.79539061916943,-0.235171190785954,"UCSB_IZC00063955_L","Lasioglossum hitchensi","Lasioglossum","Halictinae","Halictidae","Female","UCSB",0.108
-2.19351574563337,-4.74988842692327,4.56415932284519,-3.51425853032968,-8.74552828519865,0.437814462156537,-0.391425616974436,0.993318710768791,-0.546615691676125,-1.27565084834056,-0.062350548687233,-3.50278819684095,0.404534084685908,1.87744792324879,"UCSB_IZC00055265_L","Megachile mendica","Megachile","Megachilinae","Megachilidae","Female","UCSB",0.268
-3.60467777092897,-5.20139725377072,2.89806921938909,-1.27611906356272,-10.0522269000491,1.09177502447324,-0.882014593898119,-0.142210108674465,-1.97841505609158,-2.5324071366151,-0.476622492988563,-0.364120799504189,0.501601963689346,1.07753788860501,"UCSB_IZC00055304_L","Megachile mendica","Megachile","Megachilinae","Megachilidae","Female","UCSB",0.27
-1.7763545888268,-4.44413303395402,1.72572363849648,-2.20333218908288,-9.06472292730973,1.82270617398231,-1.1086294833171,-0.346081368977269,0.299423291642178,-0.276246928737314,1.59300171028853,-5.06049624321486,-0.438869343908562,1.13692274856151,"UCSB_IZC00055314_R","Megachile mendica","Megachile","Megachilinae","Megachilidae","Female","UCSB",0.277
-2.84468205962357,-3.93902981191798,1.44114170791496,-2.90898899880071,-10.2201487623964,1.1964239018955,-1.1501952134061,-1.27138271099701,1.07841968655533,-0.67853287583046,1.46950215190443,-1.69741106055207,0.604438902292115,-0.605459952003344,"UCSB_IZC00058706_L","Megachile mendica","Megachile","Megachilinae","Megachilidae","Female","UCSB",0.299
-3.85874916987967,-4.48595257191413,1.90394627797433,-1.77053863889245,-9.04283650866618,-0.368778491122949,-2.05155944836207,-0.710855465397242,2.02531706505956,-0.605826021393359,-0.660345427378488,-1.01943992117778,-0.851605492395862,-0.828624358173434,"UCSB_IZC00058737_R","Megachile mendica","Megachile","Megachilinae","Megachilidae","Female","UCSB",0.305
-3.35185358532488,-4.22295822940687,3.47259048057467,-2.97334715450962,-11.6900475274629,1.1686624413042,-0.823663814583687,0.463356699860399,0.581538186398744,-0.401547093555874,1.35514217999056,-2.83053941413627,-0.746953559498964,-0.526630708522975,"UCSB_IZC00058740_L","Megachile mendica","Megachile","Megachilinae","Megachilidae","Female","UCSB",0.316
-4.12988753215082,-3.21373310229979,2.09737525248547,-2.25314646585483,-9.74735090194012,1.07354219895727,-1.35701511168183,-0.973415851827326,2.49226620228647,-1.01759385715982,0.0824995581146869,-1.35170186990425,-0.70348412706184,-0.271934628816615,"UCSB_IZC00062595_R","Megachile mendica","Megachile","Megachilinae","Megachilidae","Female","UCSB",0.31
-3.01953072265741,-5.05787447693632,4.26557556692124,-4.23873922834092,-10.5175968965322,0.00520703225636535,-0.608806900078117,1.11101036563491,1.86269624803437,-2.90091965711738,1.0242423758181,-1.84481154225778,-0.388044204549652,0.849174847258296,"UCSB_IZC00062639_L","Megachile mendica","Megachile","Megachilinae","Megachilidae","Female","UCSB",0.325
-2.56371818555088,-2.06896830811799,2.13455789333612,-2.87843209676127,-10.7848198803802,0.0228400563867698,-1.82221753233492,-1.51429435997354,0.266841767111976,-1.25776676413174,3.07194290680002,-1.61943084402998,-0.566434893594885,-0.425435799281875,"UCSB_IZC00062640_L","Megachile mendica","Megachile","Megachilinae","Megachilidae","Female","UCSB",0.296
-1.70191521223152,-3.15495851241915,1.04976981158099,-3.14986709995737,-9.6936632470663,1.00964027744776,-1.59825103964681,-0.749819658568905,-0.362120247838689,-0.507265713418621,2.47037259412526,-2.5596051285321,2.0693793976468,-0.653788063903596,"UCSB_IZC00058706_R","Megachile mendica","Megachile","Megachilinae","Megachilidae","Female","UCSB",NA
-6.66955413709387,-10.9177880158739,6.04631023041127,6.51928623140515,-4.16825522568864,1.23316353734166,0.661939362869379,-2.67679484631889,2.26921021450234,1.19022395793816,-1.51094515369761,2.30082806759346,-0.38383407422263,0.231831250610635,"UCSB_IZC00009970_L","Osmia nemoris","Osmia","Megachilinae","Megachilidae","Female","UCSB",0.208
-6.30144665477694,-12.4676225239641,4.29954415342269,5.96992315859067,-1.99709011165929,1.05178290194944,-0.662080407851443,-2.940926695141,3.46139355499473,2.05800709071806,-2.28738583227326,1.50390722788099,0.0563504217011681,0.131135228765153,"UCSB_IZC00043741_L","Osmia nemoris","Osmia","Megachilinae","Megachilidae","Female","UCSB",0.25
-4.79909415277779,-10.3520782144754,4.97433060575779,5.03047568281194,-1.06134733186457,2.18567158916062,0.593350098102953,-4.44758207497956,5.060621413872,1.76671935878203,-1.49737110149086,0.895927325982832,0.756748603595016,0.192035496608234,"UCSB_IZC00046991_L","Osmia nemoris","Osmia","Megachilinae","Megachilidae","Female","UCSB",0.249
-5.69387030164887,-9.98939914783173,4.80095514616881,5.70150510356382,-1.82588582464194,0.546849120549155,-0.616875838036873,-2.92905789795432,3.4578879510399,3.1139145655364,-2.74550825048245,0.169299026318841,-0.908839561240372,0.250412507413662,"UCSB_IZC00047335_L","Osmia nemoris","Osmia","Megachilinae","Megachilidae","Female","UCSB",0.226
-5.07664680869785,-10.3869521070247,2.79634518690076,7.11683918462953,-3.56942413828022,1.17336267212961,-0.926156740522298,-3.07363704851662,4.68838996299594,2.34642056215789,-3.36881374911874,-1.94760594965246,-0.728485129227232,0.758374170000855,"UCSB_IZC00047359_L","Osmia nemoris","Osmia","Megachilinae","Megachilidae","Female","UCSB",0.22
-6.55363428230899,-10.4295916734239,5.35694975301797,5.89262486016688,-2.34316477742537,0.66769545693317,-0.141898910200888,-2.75306812982812,4.08458082459227,1.6477925197928,-1.46605825418065,0.448591961012856,-0.566586070791154,-0.978283722977565,"UCSB_IZC00036467_R","Osmia nemoris","Osmia","Megachilinae","Megachilidae","Female","UCSB",NA
-6.1514035613126,-11.8958511495352,5.75601419154881,5.56927446586914,-3.11029646423191,0.204440307478671,0.845707546628194,-2.21161380350489,2.8720046249541,1.27065141264762,-1.69240075519613,3.93545866690353,-0.819773559143238,0.588675832112765,"UCSB_IZC00009970_R","Osmia nemoris","Osmia","Megachilinae","Megachilidae","Female","UCSB",NA
-5.6457551910651,-11.6987674613462,5.71789158121215,5.28489049314925,-1.33056588836797,2.45229801797808,-0.894298271184642,-3.23096007040286,3.58682558460482,2.35837036187851,-1.39948667759217,0.787098780475495,-0.935553925362425,-1.44818454407797,"UCSB_IZC00047372_R","Osmia nemoris","Osmia","Megachilinae","Megachilidae","Female","UCSB",NA
-6.7114746992184,-10.2850910461954,4.50246306328673,5.11137670999256,-1.86517389266244,1.22171486092567,-1.08562065967307,-2.83633468168386,4.08046678858746,1.55819183381039,-1.72323444324676,0.721157197178338,-0.00306369757856896,-1.29312775726777,"UCSB_IZC00036467_L","Osmia nemoris","Osmia","Megachilinae","Megachilidae","Female","UCSB",NA
-5.25369513377627,-9.92336933220342,4.8994506341867,3.99429953566834,-2.26485169582712,2.64942762055075,0.278429036835626,-0.957383044858377,3.15385802050115,2.19367058691099,-0.16162076783515,-0.471745346192036,2.22087159018205,0.153795145663195,"UCSB_IZC00047388_R","Osmia nemoris","Osmia","Megachilinae","Megachilidae","Female","UCSB",NA
9.53845223500971,-8.36317383353298,-2.77129532669444,-6.4708941040461,2.22611607144198,0.491688916468108,-1.1342186080255,4.97656118534066,2.83886179692883,1.03793663270072,0.367716499763888,0.636953132042702,-0.903353793115785,0.890413424635902,"UCSB_IZC00065365_L","Panurginus polytrichus","Panurginus","Panurginae","Andrenidae","Female","UCSB",0.124
8.5409700314027,-6.85990632054801,-4.41358900281327,-5.91805313517476,3.40235294400203,0.336882122000215,-0.373897152172717,3.287654356274,2.36757564762455,1.27341998148544,2.48564476989169,-1.31030090038425,-2.30772751312823,1.0378256920724,"UCSB_IZC00065441_L","Panurginus polytrichus","Panurginus","Panurginae","Andrenidae","Female","UCSB",0.13
10.1245350490291,-6.31299940572975,-3.7064642191726,-6.93313841102167,2.20529826345487,2.08826935551392,-0.722292849422181,4.22830684924354,1.80133992320938,1.09839864870416,-0.12267044141838,0.401383269877232,-0.556614018360192,0.324077185531997,"UCSB_IZC00065437_L","Panurginus polytrichus","Panurginus","Panurginae","Andrenidae","Female","UCSB",0.139
10.1139624049732,-6.70460174432669,-3.25918164775945,-6.65702204117652,4.18998556478433,1.53290417678396,-0.576195561387697,4.06417654350583,3.23218604971887,1.19380635404232,0.69545247462481,0.781657535733928,-1.96752717281529,-0.314358255880932,"UCSB_IZC00065364_L","Panurginus polytrichus","Panurginus","Panurginae","Andrenidae","Female","UCSB",0.134
8.23301919237441,-5.65795581851856,-3.99175392268577,-7.80235808263487,1.7073536887607,0.340125705416238,-2.00228661829898,3.10602262644501,3.28205857826222,-0.598183963799749,1.85694309271529,1.07676215073665,0.0125697637715046,-0.593959512296187,"UCSB_IZC00062635_L","Panurginus polytrichus","Panurginus","Panurginae","Andrenidae","Female","UCSB",0.131
10.0228885642419,-5.44635966824322,-3.62962349486096,-6.27258030222252,2.22349137527611,-1.23477584788792,-0.951179064073551,3.1946204091758,2.78543894197043,-0.617005633487085,0.871665618028723,0.604536528741446,0.349041851206031,-0.552093447114185,"UCSB_IZC00062586_R","Panurginus polytrichus","Panurginus","Panurginae","Andrenidae","Female","UCSB",0.134
11.4133054573696,-6.85323723686045,-1.96521130472958,-7.34107432153285,4.46747009131809,-1.3868501250719,0.0378335350620151,1.77173205617544,3.83697710310824,-1.06818237604496,1.77250509180719,0.952064666898784,-1.08825359504964,-0.682658283986485,"UCSB_IZC00062603_L","Panurginus polytrichus","Panurginus","Panurginae","Andrenidae","Female","UCSB",0.128
11.1243268045194,-8.18663954848384,-2.89853482439248,-6.36602447084243,2.99279038692243,2.20088136796752,-1.5906843288962,5.25572759508704,3.19383174999192,2.16950712434763,-0.817202218413123,0.80785457506582,-0.706341784365171,0.358998485083276,"UCSB_IZC00059207_R","Panurginus polytrichus","Panurginus","Panurginae","Andrenidae","Female","UCSB",0.14
9.39538613169774,-8.95426690112797,-4.32697781584757,-6.29638486552558,3.0742142830236,-0.41248698090741,-2.83624546209959,1.84513840212117,3.27455646919751,0.718325248389095,0.259710826927276,0.477175540545375,0.455454873736248,-1.01145119750728,"UCSB_IZC00062613_R","Panurginus polytrichus","Panurginus","Panurginae","Andrenidae","Female","UCSB",0.111
9.82834023774665,-7.09348116059014,-4.89050705606378,-8.06367405218792,4.60806892588036,0.822843977170552,0.613460795984834,4.44042807701813,4.65243864183262,-0.52463077673132,0.0644665803408461,0.00928121816778943,-0.602500384803553,1.78851254709628,"UCSB_IZC00065388_L","Panurginus polytrichus","Panurginus","Panurginae","Andrenidae","Female","UCSB",0.125
-11.7603680198219,11.3633061572823,-13.746269168254,2.08984820263256,-0.0439478423063898,5.75360927046583,2.49988639143525,-3.18597566988857,5.01842074462638,-1.10565626349759,-1.09744905283078,-0.77426400295228,0.280780594292054,-1.25393246522225,"UCSB_IZC00010266_L","Xylocopa tabaniformis orpifex","Xylocopa","Xylocopinae","Apidae","Female","UCSB",0.531
-10.7210150629085,10.302719479596,-14.5212778375821,3.72454595631884,0.428558169777016,4.68923208719962,1.22686948185708,-2.45709226254916,1.59511603671253,-0.882519655602674,0.902277523188072,0.797267252674647,0.665799618257198,-0.0582876398625737,"UCSB_IZC00012219_L","Xylocopa tabaniformis orpifex","Xylocopa","Xylocopinae","Apidae","Female","UCSB",0.52
-12.3319202048604,12.2607893040474,-13.3017190223545,2.46133865967622,0.0379996839717855,3.0039393076019,0.804176362996134,-2.29541599799193,3.76865521193321,-1.87695802727455,0.708649711944068,0.0546290782915927,0.261605497321796,0.496923086170597,"UCSB_IZC00012225_L","Xylocopa tabaniformis orpifex","Xylocopa","Xylocopinae","Apidae","Female","UCSB",0.519
-10.9735496401239,12.7733671115149,-13.926046277177,1.57016949471425,1.40566133101798,4.01600291357642,-0.90604169876779,-2.18810731544967,0.610759199417863,-1.76495899363508,-1.28554980699758,-1.05901365792901,-1.24130519015554,1.60495664841323,"UCSB_IZC00012228_L","Xylocopa tabaniformis orpifex","Xylocopa","Xylocopinae","Apidae","Female","UCSB",0.534
-8.72095810505133,10.748069486433,-13.657273082401,1.64374365961726,-0.0274775845484395,5.19817893857578,0.149571446599401,-2.06022148683923,3.33531204631764,-1.66437580223128,0.179144762513334,-1.40546829235739,-0.670716294744387,0.752641679408617,"UCSB_IZC00012232_L","Xylocopa tabaniformis orpifex","Xylocopa","Xylocopinae","Apidae","Female","UCSB",0.517
-9.12726508223719,11.7437193618038,-16.1724117644186,3.12486588447106,1.3518492422421,4.73358317687201,3.16299165213997,-0.477642376724214,2.08123037010848,0.444837968741637,1.52134157386091,1.3133813081318,1.94654718672159,0.326174609123161,"UCSB_IZC00014785_R","Xylocopa tabaniformis orpifex","Xylocopa","Xylocopinae","Apidae","Female","UCSB",NA
-10.5337199976865,12.57083514369,-12.8194343749957,3.22909632010466,1.89803310550099,5.88756976733229,2.11451328806574,-3.53093241733684,2.38843269554559,0.163015212426176,-2.42914416722121,0.640875136460694,-0.512728981171701,-0.511054930200828,"UCSB_IZC00010301_R","Xylocopa tabaniformis orpifex","Xylocopa","Xylocopinae","Apidae","Female","UCSB",NA
-12.2665181337582,12.4106224860439,-13.8034851963793,0.824275180864805,3.01884416180771,2.84581409747963,2.35231092761896,0.185148962280106,0.75432499914119,-0.395611440693521,0.032216463608855,-0.742383575499986,-0.139087491421681,-1.38046113958566,"UCSB_IZC00010315_R","Xylocopa tabaniformis orpifex","Xylocopa","Xylocopinae","Apidae","Female","UCSB",NA
-11.3681099432013,12.5174172800895,-13.7139031090075,2.54592919907156,-0.339228974840933,3.82300657515318,3.18770486837159,-2.10408618677969,2.49844259702428,-2.50546983783961,-0.617339478317124,-0.376761646564323,1.93894265534838,0.64163293327178,"UCSB_IZC00012184_R","Xylocopa tabaniformis orpifex","Xylocopa","Xylocopinae","Apidae","Female","UCSB",NA
-10.8841837196375,11.5673531171337,-14.6181890202891,2.24066962314521,0.274580271456622,4.82517640739058,2.82153237214455,-2.8497116875948,4.72533389107011,-1.23902602969621,0.0713396230189299,-0.862572781585587,-0.371654104552436,-0.445597777219919,"UCSB_IZC00010266_R","Xylocopa tabaniformis orpifex","Xylocopa","Xylocopinae","Apidae","Female","UCSB",NA
