"CV 1","CV 2","CV 3","CV 4","CV 5","CV 6","CV 7","CV 8","CV 9","CV 10","CV 11","CV 12","CV 13","CV 14","catalogNumber","Species","Genus","Subfamily","Family","Sex","Collection","ITD"
12.826004662819,9.01801851162916,-3.58649663938821,-2.64832336798155,-1.97234772169008,0.58845279169203,-0.295254120927178,-4.73294028629916,-2.91623619607291,-0.386136435331243,-1.43459146869946,0.770871046304678,-1.25250203528763,1.71750292250077,"UCSB_IZC00008208_L","Agapostemon texanus","Agapostemon","Halictinae","Halictidae","Female","UCSB",0.21
12.7273836010262,9.61671115109717,-0.831210993226847,-0.838920670581232,-1.46314462546368,2.09843591023421,0.787485303350473,-1.06529942129437,0.547542884753994,-1.07148729189242,0.120771022380467,-0.203629201927194,0.6606658505194,-1.74739632598812,"UCSB_IZC00036466_L","Agapostemon texanus","Agapostemon","Halictinae","Halictidae","Female","UCSB",0.18
12.6265312670415,10.7417727017734,0.274747959429592,-2.12070509536516,-1.01339405722719,2.61977310669337,-0.0288927936785328,-2.72809759225029,-0.371809207147754,-0.426132896870885,-3.25161202134262,-1.88566171975345,-1.8346420143411,0.643348100979905,"UCSB_IZC00036601_L","Agapostemon texanus","Agapostemon","Halictinae","Halictidae","Female","UCSB",0.223
12.2943199668246,9.24402591808439,-2.60682666829407,-2.32135478159678,-0.47844884027507,1.61881819298527,-0.470615690949016,-3.53478678430895,-1.72345265318658,-0.340209391187583,0.033036367020953,-0.390185000504282,-0.432920220836373,-2.01290392479191,"UCSB_IZC00037252_L","Agapostemon texanus","Agapostemon","Halictinae","Halictidae","Female","UCSB",0.197
12.1122980568669,8.71859449920729,-1.90263691776558,-0.483918645180113,-1.1558828666781,2.29170336982649,0.369270173011412,-2.9210179004441,-0.622249524219319,-0.941060610092063,-0.591123567616776,-1.00411170482626,-0.898239341947443,-0.310650646479236,"UCSB_IZC00040751_L","Agapostemon texanus","Agapostemon","Halictinae","Halictidae","Female","UCSB",0.214
13.0085240044072,8.7315938044251,-1.20160843009274,-2.71011094396952,-1.97383816065725,2.09480223369002,0.684675446793745,-3.07288794229726,0.0305845681802183,-2.57561903284444,0.601264008057949,-0.852469791403971,-0.593646176565262,-0.318106927341202,"UCSB_IZC00041034_L","Agapostemon texanus","Agapostemon","Halictinae","Halictidae","Female","UCSB",NA
12.6165413788454,10.321878477856,-1.38603931062028,-0.671955718432586,-0.629732136115071,3.21869909287308,1.16309833507318,-4.25781699402126,-1.60028073075119,-0.651407174263202,-1.47466007696663,-2.33171618875198,-0.377188995011833,-1.17692848403067,"UCSB_IZC00042465_L","Agapostemon texanus","Agapostemon","Halictinae","Halictidae","Female","UCSB",NA
13.0676992086263,9.74719729600827,0.0706276562436909,-1.72193542189967,-1.33606489038464,2.16457937595348,0.384157873845287,-1.59894067590312,0.297422304003812,-2.37086549661772,-1.87466149884277,-0.652776429688456,-1.82081895088485,0.245108085446036,"UCSB_IZC00041511_L","Agapostemon texanus","Agapostemon","Halictinae","Halictidae","Female","UCSB",NA
13.9701788893452,9.71776408852886,-1.29058519188248,-2.63198580550793,-2.15616879187665,3.5542645683343,-0.523680274734151,-2.46175345461391,-0.82329211165127,-0.807804542770764,-0.293987384987023,0.0663240177896424,-0.22857117452851,-1.01745253041959,"UCSB_IZC00038830_R","Agapostemon texanus","Agapostemon","Halictinae","Halictidae","Female","UCSB",NA
13.4896118908319,10.1703013284392,-1.23360619712243,-2.12066369831225,-2.03974940773702,3.52024258331648,0.455603094707064,-2.59502077910765,-0.885956862377643,-1.68573794912521,-0.169820441144024,-0.047122435487667,-0.694089412383426,-1.19238980098181,"UCSB_IZC00038830_L","Agapostemon texanus","Agapostemon","Halictinae","Halictidae","Female","UCSB",NA
5.1307746898748,-9.072465637062,1.68699385534517,-11.0897222274563,-0.257833377401744,1.00753202849362,0.327294675866833,4.19757094002768,1.16427584387905,-0.703379209853264,0.261260846560736,-1.22814397854266,0.341346401419269,-0.268355784761175,"EMEC_1773529_L","Andrena prunorum","Andrena","Andreninae","Andrenidae","Female","UCSB",0.2656
4.48210726611215,-8.86825149023312,0.854169312116061,-8.9933979847458,0.800180791653269,1.22202213320384,0.244970251190364,2.85800788737541,0.58820014618724,-0.684320653088706,0.222181164174696,0.0139860324952527,0.721085205884419,-0.506724794167435,"EMEC_1773532_L","Andrena prunorum","Andrena","Andreninae","Andrenidae","Female","UCSB",0.2136
6.44199005267958,-6.29920282252571,1.35628087853236,-9.56804684732589,0.40439780599526,1.06094051742,0.685061141332858,2.37690016452216,1.91816116028365,-1.38336471645594,1.47895294883508,1.18820872538868,1.66123738981845,0.325915582178701,"EMEC_1773557_L","Andrena prunorum","Andrena","Andreninae","Andrenidae","Female","UCSB",0.2317
4.52578137309406,-5.76634778034507,0.901284201521376,-8.78886441266334,-0.178417213265312,2.85233735402605,-0.485250570405701,1.55502952256617,0.63322735471418,-0.154903041412479,0.756569357721431,-1.65381780413692,0.762149113513139,-0.155719631820054,"EMEC_1773582_L","Andrena prunorum","Andrena","Andreninae","Andrenidae","Female","UCSB",0.2376
3.57629559443336,-7.65403783977147,0.440597853633689,-9.00105715006551,2.27003477426928,0.344199949336548,0.614414216837315,2.42288688284761,0.223353643237152,-0.0328235044376229,2.37443570276029,0.775397643428854,0.690396960268806,-0.219744016115903,"EMEC_1773606_L","Andrena prunorum","Andrena","Andreninae","Andrenidae","Female","UCSB",0.2134
4.72604468876,-6.50667902043378,1.24828845299358,-8.11040009344111,0.0212800587726868,2.93283321735805,-0.2084486652423,2.21623987929635,0.488615963332909,0.418671942872798,-0.160012601856675,-0.644875044863955,0.958310363514206,-0.00321623401517862,"EMEC_1773582_R","Andrena prunorum","Andrena","Andreninae","Andrenidae","Female","UCSB",NA
5.13805036678122,-8.21673783361737,0.577429945879538,-8.44958562844588,0.709772527787101,1.66668312599748,-0.456189303652435,2.72360598280463,-0.161732125052084,-0.16452786378124,0.233950022662005,-0.386003020620089,0.904160840383179,-0.864341806314482,"EMEC_1773532_R","Andrena prunorum","Andrena","Andreninae","Andrenidae","Female","UCSB",NA
4.75812749308003,-7.84366536895589,2.33183837224316,-11.3889645652961,-0.0923308897940052,0.251679616723679,1.23661164143245,3.80385992614827,1.00914488651777,-0.315013685438911,-0.242216306475833,-1.54401171213436,0.391752041842202,-1.06272459782221,"EMEC_1773529_R","Andrena prunorum","Andrena","Andreninae","Andrenidae","Female","UCSB",NA
5.71650693725192,-6.06470447609333,2.10911816539259,-10.1046087156435,1.79847567964783,1.11827284179828,0.614238693913302,1.69120998997917,0.925282662536223,-1.43035344509952,1.63546817137459,0.473408224627513,1.52432940637593,0.0718432631412317,"EMEC_1773557_R","Andrena prunorum","Andrena","Andreninae","Andrenidae","Female","UCSB",NA
4.37938334937084,-7.86729698360216,0.810035548961622,-7.99756018218103,0.844320913129275,0.302184468697998,1.27113986194453,2.36681456440478,0.659300891895039,-0.549157960107252,1.30754059965512,2.16316200213464,0.959546964510028,0.18220483023718,"EMEC_1773606_R","Andrena prunorum","Andrena","Andreninae","Andrenidae","Female","UCSB",NA
-22.6986368276487,1.75734808090896,-2.35675381193368,-1.98718962985127,2.12228383111284,-4.2072284362767,-0.448106181191142,-1.66805528817587,-0.38527177950146,-2.44804252550893,-2.972720609444,-0.175254476985727,-2.04688521837837,-1.46377421856881,"SBMNH_ENT0116669_L","Anthophora edwardsii","Anthophora","Apinae","Apidae","Female","SBMNH",0.41435
-23.0633284008288,0.779003602640891,-0.821161464704279,-0.570642616761577,1.16347748762069,-7.24779887335169,-1.74800212176395,-0.484240835683403,1.71450291220402,-0.394398509178776,-0.785938486222179,-1.33968869346286,0.335133690999043,1.79103650825774,"SBMNH_ENT0116670_L","Anthophora edwardsii","Anthophora","Apinae","Apidae","Female","SBMNH",0.3467
-24.1088066878479,0.758698330037291,-2.63189923641496,-0.377511780375938,2.53354737368118,-4.59289925345026,-0.990773446496329,-1.22097442337101,-0.0692321968911522,-2.74668289300851,-2.16489144913431,-0.895364698971642,2.38454259065505,-1.54147244221399,"SBMNH_ENT0116671_L","Anthophora edwardsii","Anthophora","Apinae","Apidae","Female","SBMNH",0.39675
-24.1057594520435,0.490466524563475,-2.29659624285775,-0.211340536063623,1.84249120281481,-4.99272914680143,-1.15698714933744,-1.18028686579127,2.00694432749422,-3.47619353815784,-2.7782881291266,-0.734971559294943,1.15759524412294,0.665382028210038,"SBMNH_ENT0116672_L","Anthophora edwardsii","Anthophora","Apinae","Apidae","Female","SBMNH",0.3864
-21.7967757602796,0.447645377031535,-1.56906182746774,0.221856165443778,3.56668510759949,-5.16400786880393,-0.315321245594484,0.49455477832382,1.25358515522539,-1.02017464027649,-0.932838226960858,-0.681717765034195,0.330924369885623,0.472511418740606,"UCSB_IZC00010322_L","Anthophora edwardsii","Anthophora","Apinae","Apidae","Female","UCSB",0.351
-21.4908091256213,0.337677572058009,0.0665753110694092,1.09043137759283,1.46363763013099,-5.26062438183816,0.682438675500445,-3.03255555678161,1.03552467000329,-2.97467820324854,-1.95724006348022,-0.878251647036153,0.179122461732041,-0.720830430832629,"UCSB_IZC00010379_L","Anthophora edwardsii","Anthophora","Apinae","Apidae","Female","UCSB",0.388
-20.4516409558409,0.912077394290194,-0.69024817195067,0.724881687371955,1.70960105454235,-6.51180005819421,0.596786743890683,-0.818119315965418,1.11306129069783,-3.88182081673484,-0.804353649021086,-2.24003686586852,0.296437246552201,0.0520132077516224,"UCSB_IZC00037376_L","Anthophora edwardsii","Anthophora","Apinae","Apidae","Female","UCSB",0.327
-23.10038385516,1.59195643047047,-2.15014297618363,-1.9300826901612,2.38540190974095,-4.91478723763835,0.112385554467801,0.329202616054799,0.504261600887207,-2.86534175937855,-2.78923639114445,-0.978557373535274,-1.20683388849184,-1.071067927106,"SBMNH_ENT0116669_R","Anthophora edwardsii","Anthophora","Apinae","Apidae","Female","SBMNH",NA
-24.4952884650867,0.695141815418505,1.33127476912723,-0.579018308734113,-0.31131260852226,-7.63407357136838,-2.01943901858457,-0.368105739412334,3.28581424784607,-0.828752424629873,-2.57916817617394,-2.0421005441933,0.571284177293851,2.09462200220495,"SBMNH_ENT0116670_R","Anthophora edwardsii","Anthophora","Apinae","Apidae","Female","SBMNH",NA
-20.6681486504737,-0.222978984612274,-1.21072025913739,0.351127392527226,1.92937129057763,-5.48538367253555,0.445198075311676,-0.776119032458383,1.38553291188429,-3.82521871409311,-1.34430495951959,-2.05992037951265,0.364773762364528,-1.23630882593924,"UCSB_IZC00037376_R","Anthophora edwardsii","Anthophora","Apinae","Apidae","Female","UCSB",NA
-6.17212125562527,-3.04765650051122,17.8258058986358,-2.46112559874947,-2.19498391561158,-2.65927169640212,-1.9142696083632,-0.531697068446431,-4.99760898278664,1.22964329600513,1.49566736389765,-2.68263230380194,-0.0145114708349049,0.259302722615556,"UCSB_IZC00010881_L","Apis mellifera","Apis","Apinae","Apidae","Female","UCSB",0.286
-11.0773446107786,-1.78844668033398,16.1128148528133,-2.26202038110282,-0.492762040267658,-2.39004754761447,-1.68851882787139,-1.03537524510576,-2.91457848724551,2.08673472782609,2.40450266300435,-0.417494723660339,0.41246229663243,0.387790588846541,"UCSB_IZC00030944_L","Apis mellifera","Apis","Apinae","Apidae","Female","UCSB",0.302
-10.1785687166478,-2.57710907228916,17.2280433129273,0.785886112157159,-3.39154915032254,-1.39521725036115,-1.76153081064224,-0.478849584110788,-4.76971120459712,1.09915168885846,0.0575619999534381,0.910582897889212,0.918966050326108,-0.199673052944038,"UCSB_IZC00033241_L","Apis mellifera","Apis","Apinae","Apidae","Female","UCSB",0.303
-10.5835075390985,-1.76659702592143,18.7000595549099,-1.16796531088881,-1.31004241115721,-2.33525849221875,-1.23080192758186,-2.38480516593329,-3.31825011150355,0.863785459177305,2.18584253091667,0.266729337713977,1.73032597519498,0.875465142411886,"UCSB_IZC00036441_L","Apis mellifera","Apis","Apinae","Apidae","Female","UCSB",0.284
-8.92038976360888,-4.14938274263683,18.3289088143262,0.177351016575094,-2.19248324716738,-4.38766581515877,-3.32784515015364,-0.911753291241608,-2.60277076687156,0.850677090819778,0.848454777372645,0.401343785997932,-1.97411384145725,-0.990828861488948,"UCSB_IZC00044306_L","Apis mellifera","Apis","Apinae","Apidae","Female","UCSB",0.297
-8.31161070379523,-3.29564239498289,18.9985917798318,-0.467095738607766,-3.76535557847888,-3.90800292100119,-3.68370745163961,-1.10622678579654,-4.1307003134444,0.354641077023783,2.19236655225189,-0.748605836339046,0.168603608848123,0.0704608329818723,"UCSB_IZC00038548_R","Apis mellifera","Apis","Apinae","Apidae","Female","UCSB",NA
-8.68805097998353,-3.26963147724601,16.571589121143,-2.0422736139833,-2.11107003596873,-4.08160775685754,-4.64011278971287,-1.91506650612876,-3.85313939422584,-2.12330043881758,1.07374947709417,0.316065538733964,0.636989062216706,1.11773155215067,"UCSB_IZC00038889_R","Apis mellifera","Apis","Apinae","Apidae","Female","UCSB",NA
-11.403234078937,-1.56912765245563,18.4511116169578,-1.91798569321743,-0.445867903990598,-3.36945922939976,-1.3752720699819,-0.13412368217469,-3.63394593306406,2.11156879071726,1.76562961903933,0.789218381520365,0.251146257477644,0.224659398468149,"UCSB_IZC00030944_R","Apis mellifera","Apis","Apinae","Apidae","Female","UCSB",NA
-10.7362083129597,-2.61157286256676,16.7537176019098,-0.897913945186336,-0.778631847021751,-0.834867748393582,-1.52424503645771,-0.283368263208238,-2.46217636569531,1.51450246290702,1.97515407529644,-0.188647072129603,-1.67612956816078,-0.059749466819813,"UCSB_IZC00009049_R","Apis mellifera","Apis","Apinae","Apidae","Female","UCSB",NA
-11.5862312073137,-2.96076181167657,17.5244523270801,0.173457960936953,-2.77117640299637,-4.50526965246825,-3.17440762336423,-0.231314523339203,-1.50944144328909,3.06170969172815,2.21551390020906,-0.331262481872016,-2.73230643675324,-2.14150182284456,"UCSB_IZC00019263_R","Apis mellifera","Apis","Apinae","Apidae","Female","UCSB",NA
-12.1119990584212,9.20143580724169,-4.16160520987496,0.039098064907001,4.3627838009854,2.80886244948298,-0.910161282792797,2.8829540932008,1.4603332461299,3.62398487609056,-1.70963388554192,0.828912189213593,-0.963899356583896,0.126710139145571,"UCSB_IZC00010460_L","Bombus californicus","Bombus","Apinae","Apidae","Female","UCSB",0.406
-12.604461790341,11.1491945207655,-3.49982246038908,-1.52846422790092,3.66842450315245,2.37777648984975,-0.265422485787415,3.75234654218846,0.172278389843975,1.43195634902486,0.160909642155431,0.737003062942884,0.866800425823364,-0.179215571939444,"UCSB_IZC00028371_L","Bombus californicus","Bombus","Apinae","Apidae","Female","UCSB",0.337
-13.9020667669335,10.8950888081668,-3.32003686510045,1.23161712238162,3.395617256454,2.10198045028708,-0.37616011629043,4.6287098388906,-1.32746457933524,4.30320322734704,-0.201402376499287,0.633073997254254,-0.703026313317469,0.398825710308093,"UCSB_IZC00035618_L","Bombus californicus","Bombus","Apinae","Apidae","Female","UCSB",0.483
-12.9253001275439,10.0838292557001,-3.89144424008573,0.889976133874219,2.80856364314856,1.82340786035266,-1.57847631207738,1.63372191720255,-0.131805166599327,2.82472062889656,-0.086485100016356,2.19454704047818,0.576182657055928,1.20622499422049,"UCSB_IZC00041667_L","Bombus californicus","Bombus","Apinae","Apidae","Female","UCSB",0.309
-13.6383097680394,8.96098196918754,-3.55230553167076,-0.965112425389299,2.64459356702041,1.05959352206681,-0.562493979921396,2.14583312977,-1.3564937762505,3.07292690387776,-1.0459006673326,2.73139345974519,-0.239854984157518,-0.033914519366291,"UCSB_IZC00042970_L","Bombus californicus","Bombus","Apinae","Apidae","Female","UCSB",0.341
-12.2483337483212,9.3901563983714,-3.59760604091765,-0.287061537221023,4.59987026557575,2.05084724668996,0.294193095890392,3.38346065352585,2.28287913100554,3.3471828304085,-1.32165854381242,0.0277103567411538,0.0984567181258453,-0.234585531253006,"UCSB_IZC00010460_R","Bombus californicus","Bombus","Apinae","Apidae","Female","UCSB",NA
-13.4341690114377,8.72761491153746,-3.75719242551909,1.43647277334473,4.80498931713057,1.6935886114038,0.770115590654443,2.87827920595255,-0.971156047110191,3.41636735399881,-2.3539718745067,1.15433000747313,-0.426255900309322,0.290236748595707,"UCSB_IZC00010425_L","Bombus californicus","Bombus","Apinae","Apidae","Female","UCSB",NA
-12.9519758079804,8.35030405062985,-3.29887402621451,-0.504760283410679,2.44899227786712,1.54726345928246,-1.93799742377347,2.56725389216358,-0.616233904313363,2.92047659200951,-0.618072789037166,2.906475975588,-0.537452792450035,-0.642539614340537,"UCSB_IZC00042970_R","Bombus californicus","Bombus","Apinae","Apidae","Female","UCSB",NA
-13.2907258552004,12.1565549356397,-2.51116837497998,2.00934064233729,4.69240470140799,2.7933259519405,-2.07676134102904,3.1973596319227,0.083847829705812,2.30279833633401,-1.38477970407396,0.543811237336144,0.9054676140431,-0.288005854830805,"UCSB_IZC00010546_L","Bombus californicus","Bombus","Apinae","Apidae","Female","UCSB",NA
-12.2637221952678,12.3342305167217,-4.71356593551376,0.569997893024877,3.12972257774334,1.04063260715102,-0.473630591581414,4.46122866173015,-2.38619588215528,3.8665141332729,-0.0967105743905901,0.474721912579729,-0.728527535777225,0.612548758525075,"UCSB_IZC00035618_R","Bombus californicus","Bombus","Apinae","Apidae","Female","UCSB",NA
8.53794969251376,-3.9884126666468,1.87856890372892,0.192596482678525,-1.96834370649878,-0.00707723820460504,4.99270356890943,0.992359950261892,-2.75722421251666,1.15832729219715,-3.43719958763057,-1.09724739715737,-1.09661541843684,3.5261828827693,"UCSB_IZC00055289_L","Calliopsis andreniformis","Calliopsis","Panurginae","Andrenidae","Female","UCSB",0.117
5.92258330734056,-5.29862845372496,1.89737871431372,1.36700021092836,-4.49100790134352,1.50217336078621,4.2055604523564,2.10812747374223,-0.849919088207453,0.229024180217928,-1.60860474601083,-1.7513212689565,-0.605038520403553,0.657198261928409,"UCSB_IZC00055354_R","Calliopsis andreniformis","Calliopsis","Panurginae","Andrenidae","Female","UCSB",0.134
7.25009595837989,-2.47198699502041,1.95799888475205,0.902605505911553,-3.31948746515714,1.19237742142187,3.42770145849348,-0.699783508897211,-2.90376133069602,1.97928208251259,-0.884398532191254,-2.69882800124997,-0.808574053740522,-0.114875662521606,"UCSB_IZC00055752_L","Calliopsis andreniformis","Calliopsis","Panurginae","Andrenidae","Female","UCSB",0.139
8.40685971928586,-5.09432035087616,2.0093537259862,-0.575299723375523,-2.4762399938469,1.7558663725204,3.22331553924941,-1.62471348133014,0.206153924519051,5.10720682640015,-0.717107839689464,-2.59186275712465,1.68576061431893,2.25157115539908,"UCSB_IZC00058762_R","Calliopsis andreniformis","Calliopsis","Panurginae","Andrenidae","Female","UCSB",0.116
7.76587397261173,-5.85000608643437,3.71513572237795,1.08014804617518,-0.183471166793145,1.65546630170851,2.42846624828805,1.09042782392606,-2.06864999496421,-0.135369024563677,-1.36186613032414,-1.70980469579254,-0.472450797757345,-0.484585350990851,"UCSB_IZC00058791_L","Calliopsis andreniformis","Calliopsis","Panurginae","Andrenidae","Female","UCSB",0.131
5.17543425849236,-4.75533521144779,1.7193653179264,1.75846276253867,-3.12439240055047,2.8487584271215,3.67046466416561,0.0774351352218785,-3.17306796353647,-0.289490888451263,-2.55998657349729,0.263980197810503,1.37567303680306,0.146327465177153,"UCSB_IZC00062637_L","Calliopsis andreniformis","Calliopsis","Panurginae","Andrenidae","Female","UCSB",0.153
8.56043059579097,-5.42673997460731,4.93810278411153,1.03598378482075,-0.939042910546636,1.68438374775553,2.79619715099771,-0.213484171141041,-1.81716065295462,-0.275674253805585,-2.16596440218525,-0.575144233505386,-0.0484753004452947,-0.554510880270538,"UCSB_IZC00055358_R","Calliopsis andreniformis","Calliopsis","Panurginae","Andrenidae","Female","UCSB",NA
8.21205214184036,-4.25224298491796,1.99921650367549,1.6487791854156,-2.00622846066804,1.19486105076348,3.60867245757243,1.61592340326898,-2.80758727667508,-0.0658297715350398,-1.39683030948534,-1.93568418831171,-0.780456360703382,0.149053492362446,"UCSB_IZC00058743_R","Calliopsis andreniformis","Calliopsis","Panurginae","Andrenidae","Female","UCSB",NA
6.67953478902423,-5.12832579497443,2.51313783888464,1.12172952275939,-3.82443912759777,-0.236171465641178,3.26851850287437,0.458124536681973,-2.427299559282,0.287525200275674,-2.00802905398773,-1.37309951879497,0.471427517928833,-0.698469062252699,"UCSB_IZC00055354_L","Calliopsis andreniformis","Calliopsis","Panurginae","Andrenidae","Female","UCSB",NA
8.09912631133797,-5.01368126822491,0.75961878573737,-0.599220373901042,-2.3745268958231,1.61032859075847,4.02054877605034,-0.965936822407605,-1.55673058356359,3.31793130293906,-2.40266381242286,-1.80123860870043,1.23839404132012,2.25012244219522,"UCSB_IZC00058762_L","Calliopsis andreniformis","Calliopsis","Panurginae","Andrenidae","Female","UCSB",NA
13.9672596863595,4.78167688444939,-2.93914747778006,3.41572217415408,-3.2002434613159,-3.32653975282519,-0.146162616283949,-1.18344441267371,-0.17575199104857,2.9346324220321,-2.27558508719436,0.198361285269733,0.576660722026487,-1.61785741743871,"UCSB_IZC00065370_R","Ceratina strenua","Ceratina","Xylocopinae","Apidae","Female","UCSB",0.128
14.512024916291,3.50031900561497,-1.27560949427564,2.0830146472171,-3.20158406838324,-4.40215981933139,0.434532724414334,-0.624163766210095,0.568670344351558,2.98432982426732,-1.1139915704584,-0.66247654467241,0.416745468549166,-2.24476332168272,"UCSB_IZC00058718_R","Ceratina strenua","Ceratina","Xylocopinae","Apidae","Female","UCSB",0.118
12.5732344887736,3.90394125497494,0.97681756790341,2.20432147085958,-0.905410682880802,-3.69431806722865,-0.788901197716775,0.922011656798248,-0.957686410603782,1.76013491650996,-0.49681032081031,0.79845811842843,0.717037761126827,-0.64181044992397,"UCSB_IZC00058764_L","Ceratina strenua","Ceratina","Xylocopinae","Apidae","Female","UCSB",0.104
12.5405132729471,4.46760629963331,-0.0384411753266082,3.61068339348142,-0.0595752283980076,-5.22700750872838,-0.239860573599774,0.3237820548054,-0.85121755615486,3.24249325806252,-0.314845393594605,-0.289164202194375,1.27594125298248,-1.35527332166852,"UCSB_IZC00055264_L","Ceratina strenua","Ceratina","Xylocopinae","Apidae","Female","UCSB",0.12
14.5516640870142,5.00562269813702,-2.39920616879379,3.29052434983173,-2.11386535645052,-3.88653025992679,-1.68372375667068,-1.27561220617815,1.48042590464982,2.89837010156554,-2.71344662179527,-0.058608653418464,0.459912081470987,-0.560102010382942,"UCSB_IZC00058709_L","Ceratina strenua","Ceratina","Xylocopinae","Apidae","Female","UCSB",0.127
13.3092506849161,5.87358982501383,-1.05219399231225,5.07104581941887,-3.05368065189605,-2.68863857542318,-0.19370007130004,1.7129843796031,0.706774180852825,3.40388133874479,-0.536086251030615,-0.015863130102709,-0.548281801552492,0.937468282448468,"UCSB_IZC00065404_R","Ceratina strenua","Ceratina","Xylocopinae","Apidae","Female","UCSB",0.117
13.6288965651429,3.24978650590499,-0.560687962841399,0.231632717893891,-2.17991687247659,-4.87232027089919,1.75706800506443,-0.328909252006765,-0.0370074919477998,4.17512221670435,-1.56842745107127,-0.42353118029821,-2.66323308719464,0.851038542674777,"UCSB_IZC00062589_R","Ceratina strenua","Ceratina","Xylocopinae","Apidae","Female","UCSB",0.087
12.1789300215249,2.38806679258132,0.222782815939541,4.00701909358384,-2.75646245941937,-3.22881096303331,-1.47411230171729,-0.118733387852488,0.0270443012659844,3.08346750216448,-1.44115573243778,1.40054196398701,2.64879192846186,-0.0379046180555517,"UCSB_IZC00058722_L","Ceratina strenua","Ceratina","Xylocopinae","Apidae","Female","UCSB",0.107
13.2386955343311,4.83563768231078,-0.538511718943531,2.01249531728813,-3.02165108857069,-4.93544482181754,-0.481031994715367,-0.0928575316382114,0.421814147777846,2.97924321202812,-1.98038693009852,0.225632206040851,1.38922183772134,0.466786148526863,"UCSB_IZC00058691_R","Ceratina strenua","Ceratina","Xylocopinae","Apidae","Female","UCSB",0.114
14.799809607317,4.64731340242257,-0.48628625004193,3.36690047875681,-0.711716508517686,-3.69766011881461,-2.989989918098,-0.420531944685148,-1.42768588326022,2.87790253320074,-0.322073538788671,-1.0998683451821,1.01171757886788,-1.26740374729723,"UCSB_IZC00058790_L","Ceratina strenua","Ceratina","Xylocopinae","Apidae","Female","UCSB",0.122
-5.4074575570647,1.85202982487717,-8.88417192515034,3.73938618746943,0.831581673600858,4.84209466835325,-7.67706635915686,-1.65210614048292,-0.409143739405564,-0.77830486352709,0.724478615167981,0.0572219573755058,0.854584906675104,1.28027885009276,"UCSB_IZC00030264_L","Diadasia bituberculata","Diadasia","Apinae","Apidae","Female","UCSB",0.304
-5.82979039620955,-0.447303536790823,-7.00703903573397,3.36555306771295,2.7518413553791,6.67182275342316,-5.75735715784856,-2.47208885806938,-0.499036088463016,-1.54251332590454,-1.90523966169499,-2.39603345575494,-0.135001807712179,1.06238587976467,"UCSB_IZC00031299_L","Diadasia bituberculata","Diadasia","Apinae","Apidae","Female","UCSB",0.295
-3.74463214342772,-0.0207610739264203,-6.19397665131664,3.04596886788258,2.31419855810584,5.91631882013823,-3.72858593309838,-3.13800758464169,-1.45359280939923,-0.578326230871505,0.445420762093569,1.56933147504712,0.596576010468662,0.623710448662636,"UCSB_IZC00037171_L","Diadasia bituberculata","Diadasia","Apinae","Apidae","Female","UCSB",0.36
-4.68916039320493,0.953565128653305,-6.96765895904022,4.13362362353995,0.974352442093657,4.29313254059704,-8.3649621127563,-3.31222334829667,0.0466013838270992,-1.52004064117509,-1.10999856149245,-0.550250233912333,-0.403734742604188,-0.00430180603689956,"UCSB_IZC00037255_L","Diadasia bituberculata","Diadasia","Apinae","Apidae","Female","UCSB",0.314
-3.33487709572498,1.72839262460771,-7.7791008335855,5.35734054197219,0.865816364576869,4.19636028621096,-7.02804893729254,-1.97669892562997,-2.22928540173333,-0.392818696999648,-2.77222575781228,-1.71082353251702,0.218909835497463,-0.0852328578480855,"UCSB_IZC00037347_L","Diadasia bituberculata","Diadasia","Apinae","Apidae","Female","UCSB",0.338
-2.96164618474192,0.485342770892338,-9.51879136125258,4.61426859997914,2.30052848592609,4.40883958150873,-7.24033297043314,-1.89083416872325,-0.303588146538986,-1.32574271596467,0.861744822686285,-0.772199562963704,1.25415711799917,0.129018497943351,"UCSB_IZC00037492_R","Diadasia bituberculata","Diadasia","Apinae","Apidae","Female","UCSB",NA
-3.16686256346529,-0.182140152067098,-5.64140908081259,2.3778298833087,-0.124087522434084,5.11609247332531,-6.37834232386964,-2.59311704996926,-3.50791443262036,1.44022162938078,1.92436376578531,-0.505186770029968,0.649436422221088,-0.912256381241161,"UCSB_IZC00040929_R","Diadasia bituberculata","Diadasia","Apinae","Apidae","Female","UCSB",NA
-3.53305277013352,0.0643928455592101,-5.29686976904554,1.57688892504315,-0.648218054837488,5.97203424570946,-5.7103544977074,-2.46162056532289,-3.2918864781481,0.566033519249089,2.05467497280765,-0.880408973684242,0.306534140710404,-0.544891487334671,"UCSB_IZC00040929_L","Diadasia bituberculata","Diadasia","Apinae","Apidae","Female","UCSB",NA
-3.53304376563748,-1.26585086805456,-6.56942982052522,4.26951714856342,1.22997419282354,5.40138862145246,-5.61982548874771,-1.93375290244076,-1.07718242477056,0.786059993490757,1.07544960495396,0.591932707141159,-0.270255805957074,-0.676004829635289,"UCSB_IZC00037171_R","Diadasia bituberculata","Diadasia","Apinae","Apidae","Female","UCSB",NA
-4.08634343762806,-1.03822062705539,-7.41173560086435,3.38497105501416,1.41968237593833,5.27773297845607,-7.55959557485035,-1.6385836733071,-0.464235503596595,-1.71971990170001,1.58127795521985,-1.74489517462035,1.29973627699043,1.00218184964138,"UCSB_IZC00038796_L","Diadasia bituberculata","Diadasia","Apinae","Apidae","Female","UCSB",NA
-3.56736992011021,-7.91078865443781,-3.77023304043381,7.46238856641954,-1.43012354584962,1.19138884690094,1.54953567031354,5.75714901607491,-2.23989844703642,-1.55363748969952,-0.564878028076043,-0.841137683814927,-0.249545012597554,-1.28353901708613,"UCSB_IZC00009829_L","Eucera actuosa","Eucera","Apinae","Apidae","Female","UCSB",0.28
-3.20340144547043,-8.22941226417233,-3.81690427438413,5.89274238545902,-0.871731609057195,1.71808704604567,0.459390626068655,6.41266277311355,-3.35332343654616,-1.93756246327898,-0.0921807788838185,0.78787435587698,-0.231549688166342,-0.785002661211142,"UCSB_IZC00030337_L","Eucera actuosa","Eucera","Apinae","Apidae","Female","UCSB",0.262
-4.448526790478,-6.97451162007976,-4.23932726990683,6.2694246565715,-1.87318603231925,-0.286766112766663,2.21268661434172,7.59387417719898,-2.83035253760435,-2.35929734015419,1.35582069715957,0.368193317506741,-1.31843535367213,-0.767186415885779,"UCSB_IZC00043471_L","Eucera actuosa","Eucera","Apinae","Apidae","Female","UCSB",0.271
-3.3393943903036,-6.63662625612899,-4.72599538183681,5.05388464370005,-0.947820164594853,1.98016820860259,0.0685408043416462,6.5609768096212,-1.06203738433088,-0.12412734559911,-1.87331677365145,1.05415113573367,2.30276353194949,-0.0128605497371208,"UCSB_IZC00043584_L","Eucera actuosa","Eucera","Apinae","Apidae","Female","UCSB",0.288
-3.47525573570165,-5.30952706515551,-3.67421585894045,6.00745038665873,-0.819704828981769,1.28798104856221,0.571854438509532,6.33304150095452,-1.60238012833211,-2.63141944013948,0.687812523254933,1.33997092565828,-0.425199571261574,-0.774196394095593,"UCSB_IZC00047217_L","Eucera actuosa","Eucera","Apinae","Apidae","Female","UCSB",0.279
-5.22782174778722,-5.78616232496416,-2.73457893623406,7.33449484173944,-1.54249679473717,0.840604046059256,0.574872910010862,5.56320905465637,-1.84418757008281,-1.72865175377247,1.37000109474247,-0.199687975465121,-0.818736109890993,0.250493239882671,"UCSB_IZC00047317_L","Eucera actuosa","Eucera","Apinae","Apidae","Female","UCSB",NA
-3.32609334055486,-4.96568401430358,-2.64653626373759,6.68246272448816,-0.922296232607271,0.478572035324283,-0.0520639031842878,7.95680706265183,-2.57390589223033,-1.47251616573531,-0.631378373274123,-0.478867705788297,-1.49334406029369,-1.08808728791418,"UCSB_IZC00047293_L","Eucera actuosa","Eucera","Apinae","Apidae","Female","UCSB",NA
-5.97275367128662,-5.89901230569446,-4.52269815773533,5.8733393461715,-0.494897905479367,2.14905449378441,2.65209503784114,5.07223295463985,-2.66215560828096,-3.17780767832019,1.467401479703,-1.97476542644609,0.642664677970577,0.421594461630599,"UCSB_IZC00043205_L","Eucera actuosa","Eucera","Apinae","Apidae","Female","UCSB",NA
-3.29283726213634,-6.64367872127324,-3.99783528833991,7.24213926679068,-2.11720343164112,3.20021957019512,1.86902586318496,6.31515913097814,-1.62294333701114,-1.69199447454469,0.370535224478738,-1.50356470895744,-0.223426113199034,0.214102770382853,"UCSB_IZC00047281_L","Eucera actuosa","Eucera","Apinae","Apidae","Female","UCSB",NA
-2.57624507656543,-4.00098853335984,-4.40202614857662,8.23806052652533,-2.00693086229729,2.17708951045924,0.581564152888003,7.06472839095179,-1.40814418542731,-2.09983848437408,1.17272306993441,-0.375648141292084,-1.45635872504749,0.316905500849153,"UCSB_IZC00046915_L","Eucera actuosa","Eucera","Apinae","Apidae","Female","UCSB",NA
-17.1901922954175,1.3834388568535,-9.86110081811354,-5.21178941199239,1.03583287609019,-2.24523707302832,2.62561990198844,-2.2895542246916,-1.79079198115695,0.328466902083814,2.39827096012728,-0.225525998029107,0.368915993042042,-0.296419421164594,"UCSB_IZC00009790_L","Habropoda depressa","Habropoda","Apinae","Apidae","Female","UCSB",0.417
-15.4835502697793,0.345940965701115,-11.5676914818978,-4.41138510132251,1.58532300193913,-2.71067769634636,2.28841149344522,-1.32873883742018,-0.681402990691274,1.44023970840253,0.226672351534228,0.534882316416378,-0.337975246900542,-0.822433038344268,"UCSB_IZC00010287_L","Habropoda depressa","Habropoda","Apinae","Apidae","Female","UCSB",0.388
-15.8668690179299,1.61743297123609,-10.4071856123914,-5.14173525417853,2.42016863756565,-3.70855277698239,2.72905551636,-2.05258023032232,-1.53973297618784,0.879551489255544,0.849836475663307,0.663794370559168,-1.30642961636015,-0.340509816937132,"UCSB_IZC00033743_L","Habropoda depressa","Habropoda","Apinae","Apidae","Female","UCSB",0.381
-14.5376900050833,1.26370199184481,-10.162092475003,-4.86105855949854,1.99584495555671,-2.95773121367652,1.70493705407971,-0.395608956173978,-0.435385175736025,0.80695086198691,0.457046712684977,0.877309818911659,0.804517135915936,-0.312173621450363,"UCSB_IZC00041391_L","Habropoda depressa","Habropoda","Apinae","Apidae","Female","UCSB",0.388
-15.9418861605198,1.21059006750898,-10.9797050759038,-6.49777241659547,2.49512209800508,-1.93864061192436,1.84832953613109,-0.15018975442507,-0.923107224785704,0.602704352223571,1.52107730577766,0.0932664259611955,-0.803637713809654,-0.577113238689714,"UCSB_IZC00047053_L","Habropoda depressa","Habropoda","Apinae","Apidae","Female","UCSB",0.376
-14.3490677736958,0.706457798485705,-11.9478128410051,-5.42702498318767,1.80915976078037,-3.53885168665142,1.67263521106698,-2.37164980996908,-1.44550135695757,0.0645210782326293,0.952468251373871,0.168729218530225,-0.0776978489068798,-0.299749481682502,"UCSB_IZC00028354_R","Habropoda depressa","Habropoda","Apinae","Apidae","Female","UCSB",NA
-15.385136013727,0.600634845281654,-11.0489618047455,-5.2612831705705,1.25309814808828,-3.91986171535625,1.47855042905108,-2.24925448842344,-1.09646550437853,0.678833710753813,-0.580746534885257,0.215950320325916,-0.518084754287835,1.23219693469537,"UCSB_IZC00028354_L","Habropoda depressa","Habropoda","Apinae","Apidae","Female","UCSB",NA
-15.3713410501501,0.867798794541196,-10.207868990897,-5.86286840201822,2.59939925945738,-2.96698335547556,2.96413705704687,-2.28587227774072,-0.957782222502462,1.89774171205606,0.668025876785748,1.46153854932773,-1.78894775228897,-1.6333334424441,"UCSB_IZC00033743_R","Habropoda depressa","Habropoda","Apinae","Apidae","Female","UCSB",NA
-16.5673241642815,-0.311983934241572,-11.0576848008602,-4.86667789488607,2.31924271827674,-3.44031185696116,4.3534277962251,-2.63021797629315,-1.71697446216179,-0.153369590215424,2.56966967114258,-1.07649083524371,0.559947577294439,2.46602333098979,"UCSB_IZC00014915_L","Habropoda depressa","Habropoda","Apinae","Apidae","Female","UCSB",NA
-14.3568112841376,1.92567001500044,-11.8045317598304,-4.55045260241833,1.52179940165273,-2.72726003633853,2.98521796345952,-0.0306365997275222,-0.772115158586847,-0.153500522052974,1.99031774543703,1.79098231932653,-0.290383080568235,1.78987391743124,"UCSB_IZC00009790_R","Habropoda depressa","Habropoda","Apinae","Apidae","Female","UCSB",NA
11.9888420279821,6.75399463781072,-4.70504702278084,-3.54874585814986,2.06556224324077,2.73133701655791,0.458724881977771,0.027269844939226,-0.590436647561325,-1.0924038702962,1.72837471912533,0.135634374126387,-0.358182892763908,0.367757033705003,"UCSB_IZC00030122_L","Halictus farinosus","Halictus","Halictinae","Halictidae","Female","UCSB",0.222
10.8696076256618,5.89941567559464,-6.60225591931962,-4.0565575179808,3.06138679722004,1.63529726962743,2.18779833408437,0.032801187721102,-2.0924390310881,-0.747973326952383,-0.297490333527172,-0.524351885338507,0.15975503132832,-0.276241173512296,"UCSB_IZC00030348_L","Halictus farinosus","Halictus","Halictinae","Halictidae","Female","UCSB",0.228
12.7788189395389,6.57121294865872,-5.12767488832097,-3.98258031501354,-1.32864592629467,1.21829923312744,4.1070318568022,-0.882387010941898,-2.23160387943086,-0.28320253185472,1.19783558169198,0.853428069356168,-0.192679813563449,-0.081490435935076,"UCSB_IZC00034799_R","Halictus farinosus","Halictus","Halictinae","Halictidae","Female","UCSB",0.229
10.9819049694619,8.05981833233396,-5.27122109815671,-4.82476620259131,0.851237124681474,2.63756475946498,3.6991905419866,-1.59547941816598,-1.55528138407686,-0.934183442757047,1.76069652706141,-0.602421007877895,-0.116757133202001,0.378781652075087,"UCSB_IZC00042935_L","Halictus farinosus","Halictus","Halictinae","Halictidae","Female","UCSB",0.238
11.5512277421276,6.9038850846629,-5.22529908573472,-5.39421226825901,0.880648716699523,0.537992536864588,3.59147559939335,-1.77351148704356,-2.87472391900043,-0.634129312325261,0.510082061155264,-0.253972602236045,-0.118418488086856,-0.432641679039304,"UCSB_IZC00046903_L","Halictus farinosus","Halictus","Halictinae","Halictidae","Female","UCSB",0.243
11.0602570174524,7.34313846187569,-4.4872874616525,-6.19879981342604,2.73549192898056,-0.211069650885599,1.98973797037448,-0.716160095633934,-1.96761945873175,-0.836592379592268,1.82649872272594,-0.657744108648606,0.472551394576707,-0.345629922947521,"UCSB_IZC00047210_R","Halictus farinosus","Halictus","Halictinae","Halictidae","Female","UCSB",NA
10.9417855514712,7.54284385487296,-3.63748653558375,-5.04338602883819,2.21813100974183,0.167569351123342,1.62346983108851,-1.64535685938174,-1.87268427229076,-0.421354900206583,1.90139377940892,-0.847585851009363,1.89267289306903,0.705535495372818,"UCSB_IZC00036773_R","Halictus farinosus","Halictus","Halictinae","Halictidae","Female","UCSB",NA
10.8270321238569,6.04461801641071,-5.01556324613002,-5.802754572313,1.56568546647551,0.281860171693681,1.61718704621794,-1.48187501048754,-1.07583703218358,-1.11652058684494,2.17376431738123,-0.377055771970347,0.982042096748228,-0.78699583299171,"UCSB_IZC00047210_L","Halictus farinosus","Halictus","Halictinae","Halictidae","Female","UCSB",NA
11.3524048108399,8.10277647422926,-4.61277769447793,-5.0757840098154,1.68529119219054,1.64214833995248,1.76863975326337,-1.04790631271889,-1.70463488324594,-0.814994114219083,1.58011723130599,-0.731849403274032,-0.396561803382113,0.0204436884959313,"UCSB_IZC00042935_R","Halictus farinosus","Halictus","Halictinae","Halictidae","Female","UCSB",NA
12.0345772686996,8.15156025045831,-4.33656087359683,-5.13999234212783,1.50629552228848,0.477874935886312,2.17372206237742,-0.782170091565231,-1.77551617205503,0.00811344782255857,2.02981617557064,-0.0910901963701665,-0.326266139808273,0.872466528292827,"UCSB_IZC00036773_L","Halictus farinosus","Halictus","Halictinae","Halictidae","Female","UCSB",NA
10.3871897380721,-12.911859892213,3.14442226179729,4.40299866218174,7.40350650253504,1.20548484823915,0.646632127924312,-4.3228627152428,-0.0704680305902513,-2.91765776023537,-0.0447152719923134,1.79640929614851,-1.58665940777239,1.57075016377931,"LACM_ENT247827_R","Hesperapis larreae","Hesperapis","Dasypodainae","Melittidae","Female","LACM",0.167
11.2653125839885,-11.3324018932726,4.4395629283264,5.51807910291762,7.84552874619218,-0.201774394171984,2.82225133853765,-4.04472228144739,-0.409052293185645,-1.87731846490719,-1.05876119968854,2.2617441114228,-1.20527573279485,-0.415339459369022,"LACM_ENT601903_R","Hesperapis larreae","Hesperapis","Dasypodainae","Melittidae","Female","LACM",0.163
10.6577244291841,-10.9875283390921,5.09809653410544,4.95800299276221,8.50605185168709,-0.973765521306795,2.44221931877061,-3.64255251277452,-1.80300378579354,-3.05835060547995,-0.668085873342772,2.44396249429283,-1.08025345015659,-0.212438067570354,"LACM_ENT601925_L","Hesperapis larreae","Hesperapis","Dasypodainae","Melittidae","Female","LACM",0.167
10.1198496811119,-11.9774582826287,2.17087720627068,5.61094154707105,8.06104192426262,-3.33458093633315,1.71663626106312,-4.60245772053152,0.0398719772016525,1.0000774979746,-1.37740687333094,1.92559419447193,1.50664375804011,-1.37655716645242,"LACM_ENT601968_L","Hesperapis larreae","Hesperapis","Dasypodainae","Melittidae","Female","LACM",0.153
10.7355003791102,-11.1334249050623,1.5839941897557,5.76007944244816,7.75548882353671,0.0186005629225167,0.34346493646617,-2.12337487250637,-0.708869616413289,0.552367497772567,-0.118822932227532,2.99071700819708,-0.128325475816929,0.0675488485473593,"LACM_ENT602211_R","Hesperapis larreae","Hesperapis","Dasypodainae","Melittidae","Female","LACM",0.167
10.9664859130796,-12.759916385585,2.83398902727561,4.62490372163037,7.36413906336205,0.25468260169059,0.645368189098005,-3.42085034711136,-1.01335324362578,0.737447984282813,-0.291819428656086,0.235649259543901,-0.0243375519718424,-1.03051271114165,"LACM_ENT602319_R","Hesperapis larreae","Hesperapis","Dasypodainae","Melittidae","Female","LACM",NA
9.7883364308323,-11.6856680132689,5.23527836898542,5.62587247330209,9.33610037988927,-1.38402768019352,0.841795807454481,-1.19287006842755,-1.60257123227252,-0.238367593757918,-0.828563266971538,2.14406735052528,0.610883650566688,-0.125210812111077,"LACM_ENT601925_R","Hesperapis larreae","Hesperapis","Dasypodainae","Melittidae","Female","LACM",NA
11.0319801915154,-12.8758451784933,3.9354904571736,4.63927973247873,7.04552178610099,-0.600832716262639,2.17071991502923,-0.820249550677682,-0.351665788969998,-1.09639233276954,-1.05728799733458,0.634753084889251,2.29280554965343,-0.645198298897916,"LACM_ENT602232_R","Hesperapis larreae","Hesperapis","Dasypodainae","Melittidae","Female","LACM",NA
10.8852465764649,-12.0577508333465,3.46212824929066,4.73275533505737,7.45874707587826,0.735568108438569,0.465397739670369,-4.11519651662714,-0.6336727668209,-1.76586971420094,-0.618486616174087,1.73814567328423,-1.15797220771192,1.20597563152436,"LACM_ENT247827_L","Hesperapis larreae","Hesperapis","Dasypodainae","Melittidae","Female","LACM",NA
10.3012871127179,-13.5888801579479,2.9830373727354,5.21818401220658,6.43358661529026,-0.180408603369314,3.07894324829175,-1.61239996990462,-1.91567799300794,-1.13797542316829,-0.73087516782893,1.59998866314428,1.30263203936051,0.7266399193467,"LACM_ENT602232_L","Hesperapis larreae","Hesperapis","Dasypodainae","Melittidae","Female","LACM",NA
16.0617419207983,8.33742866393781,-0.811365566826236,4.18228786146094,-2.62837513872239,-3.14149278225438,-0.349897971597495,2.69514906709161,1.97026176383399,-1.65442565250994,0.426694168453721,1.39537668563783,0.231054703665938,-0.824038239300016,"UCSB_IZC00059189_L","Lasioglossum hitchensi","Lasioglossum","Halictinae","Halictidae","Female","UCSB",0.115
17.3278535033038,7.52791900625273,-2.09109746123834,7.1264643625068,1.50261153075294,-5.76276341009824,-1.01077462427064,1.38002176243475,1.34882718238711,-1.12901003082366,1.27671775540958,0.636639999623934,-0.422545830060162,1.52052704574383,"UCSB_IZC00063940_L","Lasioglossum hitchensi","Lasioglossum","Halictinae","Halictidae","Female","UCSB",0.108
18.4683784110919,9.94226559569442,-2.0653882543988,3.61186833940489,-1.78138913444581,-6.40573712440145,-2.74226011559676,2.21044452554943,2.79244343480981,-2.34152514079968,3.49035118185228,0.0352095571562333,-0.87784803089222,-0.739986565610424,"UCSB_IZC00065443_L","Lasioglossum hitchensi","Lasioglossum","Halictinae","Halictidae","Female","UCSB",0.117
20.351435506454,9.99731562581732,-2.22950375970743,7.71687529844453,0.124487944514934,-7.66469801219813,0.206726159532052,1.42315177824981,2.79273508465255,-1.53897452159622,1.90279780737449,0.024747271172481,1.11632689530805,0.294076419614086,"UCSB_IZC00058777_L","Lasioglossum hitchensi","Lasioglossum","Halictinae","Halictidae","Female","UCSB",0.107
17.4245425995924,8.05966398522177,0.454770208468424,6.27867214021765,-0.420183176082096,-5.69701529283285,-1.51789749886999,1.40049364725605,0.108635844564561,-0.682861452338524,0.628550388136591,-0.152933011167204,-1.2230898146495,3.71926741378885,"UCSB_IZC00055286_L","Lasioglossum hitchensi","Lasioglossum","Halictinae","Halictidae","Female","UCSB",0.107
17.5813772378436,9.09769395680537,-0.92660706746886,4.68847420835359,-0.0167035155849158,-4.35155788483576,-3.70166940564922,0.0952012861209045,1.06244160788895,-0.95875360329656,1.94567783343989,-1.93748725204075,-0.400586392174522,-0.088508052670872,"UCSB_IZC00059219_L","Lasioglossum hitchensi","Lasioglossum","Halictinae","Halictidae","Female","UCSB",0.113
17.608704116813,9.30863468042906,-1.46626812481875,3.33589949168206,1.3001375385068,-5.18469214818939,-2.14389619056565,1.55408401746658,2.9239976932332,-1.66684480995197,0.541348706221392,-0.240339122289082,-0.477448403018141,1.32591773026565,"UCSB_IZC00063917_L","Lasioglossum hitchensi","Lasioglossum","Halictinae","Halictidae","Female","UCSB",0.101
18.0241099832811,9.4622967092066,-2.74986697313448,4.65415148826737,-1.33267728196495,-5.73280491523719,-2.5039762196218,2.73805557916395,1.52692035425738,-1.8132667194911,2.34111959829636,1.15243301769463,-0.25995374283474,-1.24514290785091,"UCSB_IZC00063954_L","Lasioglossum hitchensi","Lasioglossum","Halictinae","Halictidae","Female","UCSB",0.1
17.0000885390773,11.5670243172069,-0.553107842178744,3.05750837055785,-1.4579783781527,-4.58130539078171,-1.54834692323051,1.47702821073288,1.38382363069828,-1.43418016060344,1.29470906503488,-0.299904353703669,0.458179547560363,1.0385933405934,"UCSB_IZC00059172_L","Lasioglossum hitchensi","Lasioglossum","Halictinae","Halictidae","Female","UCSB",0.112
17.6726332215737,11.0257502074445,-2.35803048428387,4.5390583310081,-0.810962045865302,-7.80580587038953,0.79694828745698,2.43427659035522,2.09968238330793,-0.139610845185901,1.61454555276867,1.21045088794659,1.81755719660972,-0.236310814397492,"UCSB_IZC00063955_L","Lasioglossum hitchensi","Lasioglossum","Halictinae","Halictidae","Female","UCSB",0.108
-2.42297172852123,-4.56390049292661,-4.10411457387126,-3.600655741299,-8.81960342027719,0.357225220173089,-1.10822694475423,0.424197177813489,-0.492419915805017,-1.33642120321441,0.138543250759817,3.46332036509132,0.434413749250933,1.87432095452356,"UCSB_IZC00055265_L","Megachile mendica","Megachile","Megachilinae","Megachilidae","Female","UCSB",0.268
-3.87462705100125,-4.76898440228078,-2.39625893909123,-1.4100819091481,-10.1243605844981,1.0564630108956,-0.652572162686701,-0.640600665289066,-1.89800839030269,-2.61229402652279,0.514765849213349,0.322449057024202,0.547397318133622,1.06283330765075,"UCSB_IZC00055304_L","Megachile mendica","Megachile","Megachilinae","Megachilidae","Female","UCSB",0.27
-1.90509239058358,-4.13234659618197,-1.30483405766097,-2.27008923531538,-9.24308192492877,1.74075242492564,-0.715403525852488,-1.04680547241127,0.292187213441399,-0.359137871182572,-1.50490190558646,5.02966433764694,-0.448397014604703,1.14531836087347,"UCSB_IZC00055314_R","Megachile mendica","Megachile","Megachilinae","Megachilidae","Female","UCSB",0.277
-3.00461031110804,-3.53636905519738,-1.02234175014781,-3.02822197217174,-10.3063510182194,1.10174634031838,-0.100754821872022,-1.734628998546,1.09447057010154,-0.753308982007931,-1.45234517620541,1.68469309021228,0.595751593809033,-0.600570353106308,"UCSB_IZC00058706_L","Megachile mendica","Megachile","Megachilinae","Megachilidae","Female","UCSB",0.299
-4.07083108826833,-4.09368314595925,-1.50041697588282,-1.88309344632751,-9.0835654414652,-0.431924872413929,-1.12236788119533,-2.00422667287365,2.02072502039458,-0.654338812827203,0.682648145788903,0.991649404430462,-0.85905630471873,-0.832444740723218,"UCSB_IZC00058737_R","Megachile mendica","Megachile","Megachilinae","Megachilidae","Female","UCSB",0.305
-3.52375861583037,-3.8796781483717,-3.0502400892138,-3.13379484287865,-11.8078795842371,0.979099789167924,-1.14826840495932,-0.254460559001906,0.585781822955599,-0.474622572456225,-1.30738026774595,2.80975938276646,-0.770043799340935,-0.518966046152484,"UCSB_IZC00058740_L","Megachile mendica","Megachile","Megachilinae","Megachilidae","Female","UCSB",0.316
-4.28646726922353,-2.81322111615971,-1.70561115701795,-2.38573076761618,-9.82579580040497,0.980021344546583,-0.440803532612626,-1.66673329616557,2.49918624509226,-1.01727453466464,-0.0498204933517593,1.31995389789865,-0.72590583210728,-0.265733248138242,"UCSB_IZC00062595_R","Megachile mendica","Megachile","Megachilinae","Megachilidae","Female","UCSB",0.31
-3.26835206928688,-4.7860207402763,-3.73025225061449,-4.36487119845854,-10.5365582037356,-0.0912175896533016,-1.40634340818117,0.426601863262891,1.95145903500163,-2.88857422066864,-0.959377372819354,1.80224313691191,-0.410735405722699,0.864076304604239,"UCSB_IZC00062639_L","Megachile mendica","Megachile","Megachilinae","Megachilidae","Female","UCSB",0.325
-2.68497554063924,-1.65774963645428,-1.7100281903559,-3.00247398496037,-10.8311376151964,-0.0474224799146584,-0.447795844695944,-2.32916754583807,0.283704564151251,-1.36262848308026,-3.04355847088025,1.60606295289311,-0.599831431350211,-0.411188743253471,"UCSB_IZC00062640_L","Megachile mendica","Megachile","Megachilinae","Megachilidae","Female","UCSB",0.296
-1.81357217881251,-2.78793854345849,-0.635741124644218,-3.2540266386831,-9.7439803731662,0.957205714745041,-0.795037147024783,-1.65417236606806,-0.330871747193305,-0.662368254989173,-2.45498596452163,2.56086507721694,2.08297551692579,-0.652453588277438,"UCSB_IZC00058706_R","Megachile mendica","Megachile","Megachilinae","Megachilidae","Female","UCSB",NA
-7.33529762201873,-10.6892037355462,-5.77504647019528,6.42046942497167,-4.40233589058905,1.13590044729752,2.34121731333886,-1.59553422117849,2.22001126388643,1.29302053277435,1.46990518952099,-2.31108640934089,-0.38508682898061,0.229751693534919,"UCSB_IZC00009970_L","Osmia nemoris","Osmia","Megachilinae","Megachilidae","Female","UCSB",0.208
-6.98139377567452,-12.2595790581164,-4.00294073153325,5.93568013010027,-2.21012030614294,1.03666445658274,1.62487561827445,-2.77196081244348,3.37954644061115,2.14716531936021,2.24832863410668,-1.51154337487686,0.0683508839153863,0.122682542066227,"UCSB_IZC00043741_L","Osmia nemoris","Osmia","Megachilinae","Megachilidae","Female","UCSB",0.25
-5.4068826455531,-10.2464421829676,-4.74812753786927,5.01401056307259,-1.32712724116606,2.15736237347043,3.6142541347115,-2.98819684788403,4.98595020563922,1.91486274355488,1.45298724264914,-0.901110527762815,0.736402534640003,0.20165040066898,"UCSB_IZC00046991_L","Osmia nemoris","Osmia","Megachilinae","Megachilidae","Female","UCSB",0.249
-6.27164426260148,-9.84333581219214,-4.60780278915971,5.66946996004231,-2.05162059618531,0.492587316731308,1.64151719708844,-2.79288030771783,3.33558528452558,3.19080277729802,2.72286985153721,-0.179560431151331,-0.903103760517332,0.241413043066077,"UCSB_IZC00047335_L","Osmia nemoris","Osmia","Megachilinae","Megachilidae","Female","UCSB",0.226
-5.60967010407875,-10.0668705532159,-2.53663584908661,7.08869836918735,-3.86251275164071,1.15130228368985,1.49705812454942,-3.11852971049602,4.58162991189783,2.43128670749682,3.38828344666973,1.91303271893806,-0.722043406801115,0.750590027767371,"UCSB_IZC00047359_L","Osmia nemoris","Osmia","Megachilinae","Megachilidae","Female","UCSB",0.22
-7.14070724736157,-10.2712968044653,-5.10856090434126,5.84379947490061,-2.5818768241504,0.61004253559226,1.8090938495584,-2.26636145993886,4.00627191132068,1.72407844542729,1.43566593011072,-0.454259597323847,-0.598455335319324,-0.972121209519034,"UCSB_IZC00036467_R","Osmia nemoris","Osmia","Megachilinae","Megachilidae","Female","UCSB",NA
-6.87207044525054,-11.7389471728606,-5.49870483814657,5.48894334338052,-3.26754051227593,0.105441404711267,2.17069594081593,-1.14293934034601,2.82724919376365,1.42684458530631,1.63630029461589,-3.94139053667359,-0.817968420601599,0.585075815631675,"UCSB_IZC00009970_R","Osmia nemoris","Osmia","Megachilinae","Megachilidae","Female","UCSB",NA
-6.27650372743703,-11.5998298154936,-5.46068347941591,5.24060158408159,-1.61959445765535,2.3938494220342,1.63435718602981,-3.11091161954599,3.46512531549788,2.42739918774199,1.35999540046549,-0.786410383066052,-0.97541225265652,-1.44250942351726,"UCSB_IZC00047372_R","Osmia nemoris","Osmia","Megachilinae","Megachilidae","Female","UCSB",NA
-7.27365870750095,-10.0988919450356,-4.22634800250791,5.06712126621729,-2.07399052969542,1.211742470054,1.21228630142569,-2.96277058896251,4.00100114741202,1.6163382659394,1.68563954745504,-0.725042656105371,-0.0240598596846617,-1.29183487902603,"UCSB_IZC00036467_L","Osmia nemoris","Osmia","Megachilinae","Megachilidae","Female","UCSB",NA
-5.78177764882476,-9.86210026951101,-4.66449211552058,3.93254674510557,-2.46163067956556,2.57127985428073,0.860290326200298,-0.631721105899236,3.10800796954454,2.26906579414903,0.133664457087428,0.484434488937132,2.23055626898497,0.15767219477611,"UCSB_IZC00047388_R","Osmia nemoris","Osmia","Megachilinae","Megachilidae","Female","UCSB",NA
9.35633388132083,-8.73877119966768,2.88990836119717,-6.3859705262554,2.37622878651128,0.447364768394197,-4.31065902888243,2.80062358818716,2.82651530774647,1.17216614120897,-0.340510282619601,-0.625178639186902,-0.89903848369021,0.889092657184175,"UCSB_IZC00065365_L","Panurginus polytrichus","Panurginus","Panurginae","Andrenidae","Female","UCSB",0.124
8.49570392354621,-7.2110329205378,4.47832355423827,-5.76160955483948,3.44983352106954,0.307841013050454,-2.59141066839148,2.10532536117045,2.32419696258768,1.36958295054692,-2.43223734969913,1.32710372075871,-2.34631871171938,1.05225365129658,"UCSB_IZC00065441_L","Panurginus polytrichus","Panurginus","Panurginae","Andrenidae","Female","UCSB",0.13
10.0684166873635,-6.6571723951952,3.75998725400731,-6.85768309361805,2.2976459813253,2.02831367014314,-3.47106294584574,2.5694968332988,1.78149766710318,1.20115646196944,0.143566349031048,-0.388942980163782,-0.545665144630917,0.317542072722155,"UCSB_IZC00065437_L","Panurginus polytrichus","Panurginus","Panurginae","Andrenidae","Female","UCSB",0.139
10.0405785025642,-7.1607352784271,3.26304635808495,-6.55070709289326,4.27479307889889,1.4676868118044,-3.25370063073425,2.55034371158115,3.18844346917913,1.34347505937588,-0.677766104242919,-0.762830517256063,-2.00610201055628,-0.305525920051566,"UCSB_IZC00065364_L","Panurginus polytrichus","Panurginus","Panurginae","Andrenidae","Female","UCSB",0.134
8.17541065813736,-5.90200373030497,4.17365879899124,-7.71365254719109,1.89783428542571,0.388440116368071,-3.63402190364802,0.914943545711108,3.30490103755022,-0.523441625988493,-1.85202154737834,-1.05841441917478,-0.0108301939555558,-0.584456047518572,"UCSB_IZC00062635_L","Panurginus polytrichus","Panurginus","Panurginae","Andrenidae","Female","UCSB",0.131
9.95493454803507,-5.73968284131487,3.7458606857086,-6.16362983568486,2.40492701793012,-1.19130585005368,-2.94038655818839,1.64930499928382,2.82673475323153,-0.56759379451402,-0.866911639886578,-0.589429209204793,0.342252840588972,-0.548729209877488,"UCSB_IZC00062586_R","Panurginus polytrichus","Panurginus","Panurginae","Andrenidae","Female","UCSB",0.134
11.2648749329186,-7.33099030705043,2.08676725476826,-7.17114823907746,4.58833980679858,-1.34712604766427,-1.20088930465616,1.31087111322736,3.86534856666358,-0.962291396170982,-1.76927002077179,-0.936815683849402,-1.15119342596413,-0.658921465792826,"UCSB_IZC00062603_L","Panurginus polytrichus","Panurginus","Panurginae","Andrenidae","Female","UCSB",0.128
10.9587090983826,-8.61755834973038,2.9358801821685,-6.30245072792946,3.11592949968959,2.12578590903972,-4.8051591433074,2.66829892186331,3.1405938763233,2.32428867516609,0.832787506094077,-0.792458107784148,-0.693530395501073,0.350721724544556,"UCSB_IZC00059207_R","Panurginus polytrichus","Panurginus","Panurginae","Andrenidae","Female","UCSB",0.14
9.19699095625916,-9.19295558249186,4.54332915376861,-6.15222742127036,3.2151256022144,-0.306682365829978,-3.3018974652487,-0.694403546894277,3.25200010516783,0.731699028805284,-0.267711926450079,-0.456984646910433,0.459131986594213,-1.01633091728649,"UCSB_IZC00062613_R","Panurginus polytrichus","Panurginus","Panurginae","Andrenidae","Female","UCSB",0.111
9.77789877639041,-7.5266644095206,4.97850355950264,-7.90022500385068,4.74411228141625,0.827343639566208,-2.61806608983389,3.64781825612479,4.69215866548192,-0.300625190502498,-0.0152440778950397,-0.0120970586979145,-0.613203641989275,1.797966470573,"UCSB_IZC00065388_L","Panurginus polytrichus","Panurginus","Panurginae","Andrenidae","Female","UCSB",0.125
-10.9151672348747,12.0732365220743,13.416787523077,2.08013290962306,-0.212786946150836,5.77792687674202,4.07754721381207,-0.489054009704564,5.02695311734702,-0.949692098408386,1.10735337153731,0.760531469683862,0.251232279950698,-1.25222394739228,"UCSB_IZC00010266_L","Xylocopa tabaniformis orpifex","Xylocopa","Xylocopinae","Apidae","Female","UCSB",0.531
-9.9624445126636,11.0459461403317,14.2192778331388,3.7237509652735,0.355128290205754,4.79178226580652,2.65633811253584,-0.771986581084741,1.6129836510972,-0.803334910949847,-0.903487044552689,-0.793204371801043,0.678017949242856,-0.0674416148053345,"UCSB_IZC00012219_L","Xylocopa tabaniformis orpifex","Xylocopa","Xylocopinae","Apidae","Female","UCSB",0.52
-11.5343605768033,12.9917433036335,13.0447064416211,2.46275779509636,0.0447862967963577,3.14365492532385,2.22769537898464,-0.970530597270397,3.81194025643835,-1.75142645849837,-0.686333158098841,-0.0675648436459778,0.253639710632446,0.498304146504342,"UCSB_IZC00012225_L","Xylocopa tabaniformis orpifex","Xylocopa","Xylocopinae","Apidae","Female","UCSB",0.519
-10.1107848718473,13.500610817749,13.700389355231,1.61171289571442,1.37886514545335,4.23853623489068,0.993045690066928,-2.04811856607861,0.615171327862934,-1.7177865738359,1.3535263707851,1.02008315440242,-1.20916683327722,1.58392132281498,"UCSB_IZC00012228_L","Xylocopa tabaniformis orpifex","Xylocopa","Xylocopinae","Apidae","Female","UCSB",0.534
-7.92668682597183,11.4326400238863,13.4376007650335,1.6581770742163,-0.116810404519057,5.32458588186785,1.60171379968044,-1.22801498431235,3.34430530974127,-1.53954446897168,-0.121330017776824,1.37765681453494,-0.68613058712923,0.753638145080143,"UCSB_IZC00012232_L","Xylocopa tabaniformis orpifex","Xylocopa","Xylocopinae","Apidae","Female","UCSB",0.517
-8.26263847797868,12.3543494872112,15.6756259109823,3.11602661103959,1.34489917985759,4.73237851353479,2.65038630265949,1.97220208174048,2.11178006304205,0.588710462759497,-1.5437416888821,-1.28277167553274,1.97844399211805,0.315725124782892,"UCSB_IZC00014785_R","Xylocopa tabaniformis orpifex","Xylocopa","Xylocopinae","Apidae","Female","UCSB",NA
-9.70554562841897,13.1958794123458,12.3650397422019,3.2198547504916,1.73634190547549,5.92255940502814,4.11823052231695,-1.01562120480907,2.34956024127089,0.295984733257606,2.42395218162104,-0.652897380242052,-0.504264868738022,-0.528317336188021,"UCSB_IZC00010301_R","Xylocopa tabaniformis orpifex","Xylocopa","Xylocopinae","Apidae","Female","UCSB",NA
-11.3270216022694,12.9034507882581,13.3853101751521,0.862966294709786,3.0009450646215,2.8855226807548,1.57769467047455,1.86702171996953,0.774763560407739,-0.377224538783,-0.0192774170121551,0.757200855135534,-0.133676310621918,-1.39392868208395,"UCSB_IZC00010315_R","Xylocopa tabaniformis orpifex","Xylocopa","Xylocopinae","Apidae","Female","UCSB",NA
-10.5202673589088,13.2426242830126,13.4149277180742,2.54548901960163,-0.397934902793477,3.91505797083114,3.82137993748487,0.818976679864224,2.59683276456241,-2.39250399267988,0.636001458813722,0.359350383081499,1.96727177688113,0.632665299842352,"UCSB_IZC00012184_R","Xylocopa tabaniformis orpifex","Xylocopa","Xylocopinae","Apidae","Female","UCSB",NA
-10.0163377464892,12.2593671243324,14.2676480343158,2.2576762336415,0.131378934677702,4.85488614373052,4.0598045659257,-0.00823155352373295,4.74142284452805,-1.07171519295546,-0.0475161358892928,0.850602209186904,-0.408498830809925,-0.438544315751114,"UCSB_IZC00010266_R","Xylocopa tabaniformis orpifex","Xylocopa","Xylocopinae","Apidae","Female","UCSB",NA
