"","catalogNumber","LM1x","LM2x","LM3x","LM4x","LM5x","LM6x","LM7x","LM8x","LM9x","LM1y","LM2y","LM3y","LM4y","LM5y","LM6y","LM7y","LM8y","LM9y","Species","Genus","Subfamily","Family","Sex","Collection","ITD"
"1","UCSB_IZC00008208_L",0.400880816631676,0.312927682095071,-0.0189457996318196,-0.122548721227719,-0.329090923204969,-0.487757085614246,0.0141277070176661,0.0826093563482452,0.147796967586094,0.11492958418538,0.247713802186641,0.173331686061237,0.210276711556451,0.0372352921399632,-0.00123321078932289,-0.18067486278588,-0.294481283469112,-0.307097719085359,"Agapostemon texanus","Agapostemon","Halictinae","Halictidae","Female","UCSB",0.21
"2","UCSB_IZC00036466_L",0.400094114109723,0.294454624735024,-0.0342731011412048,-0.10775372917131,-0.328773934935353,-0.481309038757711,0.00614089732975994,0.0875939929776825,0.163826174853388,0.123935330135465,0.242039860469332,0.180820197205426,0.207887540298278,0.0327936627791932,0.0206756504446926,-0.188160955203813,-0.297961796257704,-0.322029489870873,"Agapostemon texanus","Agapostemon","Halictinae","Halictidae","Female","UCSB",0.18
"3","UCSB_IZC00036601_L",0.401589026513879,0.304600762376512,-0.0376819683186325,-0.117576542749669,-0.317786567902991,-0.478383899837751,0.00279530602475405,0.0864195727607865,0.15602431113311,0.116157520976424,0.246520141250153,0.187793460515128,0.214861269564637,0.0408705390909363,-0.00123317773480425,-0.184047827055868,-0.30182559967765,-0.319096326928959,"Agapostemon texanus","Agapostemon","Halictinae","Halictidae","Female","UCSB",0.223
"4","UCSB_IZC00037252_L",0.401103744847003,0.306148470792851,-0.029450188255901,-0.115825848896644,-0.327204397574873,-0.489722643091354,0.0112897353308724,0.0861347994875224,0.157526327360522,0.113282867556251,0.249663845366747,0.174446476768478,0.200546673940567,0.0383098752008081,0.010746108391319,-0.181656725640857,-0.290972057269393,-0.314367064313922,"Agapostemon texanus","Agapostemon","Halictinae","Halictidae","Female","UCSB",0.197
"5","UCSB_IZC00040751_L",0.403285339560873,0.294655804020322,-0.0331095595999071,-0.12239921030522,-0.326935592262489,-0.482426073388673,0.0124026024069942,0.0905640607870974,0.163962628781002,0.112493343459173,0.24253781422948,0.18067741764611,0.2072496348659,0.0390446907223644,0.0138978147404988,-0.178146303865984,-0.299067582261505,-0.318686829536037,"Agapostemon texanus","Agapostemon","Halictinae","Halictidae","Female","UCSB",0.214
"6","UCSB_IZC00041034_L",0.406256737163548,0.293100374358005,-0.0238524805802826,-0.107338113818086,-0.329964704431603,-0.485100216130774,0.00350195997962418,0.0817345951651115,0.161661848294458,0.115650870534472,0.245342646105363,0.185018742194999,0.210194178476751,0.0304142636659548,0.00884566428496256,-0.183921177494566,-0.299257525967609,-0.312287661800326,"Agapostemon texanus","Agapostemon","Halictinae","Halictidae","Female","UCSB",NA
"7","UCSB_IZC00042465_L",0.395121981601048,0.293175658969073,-0.0406075429293453,-0.121587911851065,-0.322287337921901,-0.481779995551926,0.0127362475622112,0.0947236963636819,0.170505203758222,0.10519984945693,0.248617649165242,0.184394170773593,0.209568611370727,0.048907593703918,0.012197585314092,-0.183099212557237,-0.303611165145215,-0.322175082082049,"Agapostemon texanus","Agapostemon","Halictinae","Halictidae","Female","UCSB",NA
"8","UCSB_IZC00041511_L",0.410263850204419,0.2933742456389,-0.0351822080438227,-0.108359511006144,-0.32397821815006,-0.48061820055424,0.00326046957623458,0.0841596067449005,0.157079965589811,0.11806834032099,0.243037989407859,0.185935881656363,0.215721069565509,0.0316897294569711,0.0043714242113893,-0.180914529928911,-0.299070002721181,-0.318839901968989,"Agapostemon texanus","Agapostemon","Halictinae","Halictidae","Female","UCSB",NA
"9","UCSB_IZC00038830_R",0.398222339926497,0.302262745921833,-0.0243962436035956,-0.105797666049614,-0.320225113871444,-0.4821973779388,-0.00167413453993308,0.0811605063395538,0.152644943815504,0.127183636954406,0.253201422367809,0.181431928389151,0.209918153217409,0.0332883253952603,0.00907234117455761,-0.191432980219554,-0.303624765847857,-0.319038061431183,"Agapostemon texanus","Agapostemon","Halictinae","Halictidae","Female","UCSB",NA
"10","UCSB_IZC00038830_L",0.402961488796892,0.295806928001777,-0.0311233209522256,-0.108636153943953,-0.322703485894562,-0.478589982992185,0.000767714563617384,0.0832133296510934,0.158303482769544,0.120667433155917,0.25318282371122,0.181289044489022,0.210164864991501,0.034174444951261,0.0123239775814729,-0.189007218986348,-0.302998557899415,-0.319796811994633,"Agapostemon texanus","Agapostemon","Halictinae","Halictidae","Female","UCSB",NA
"11","EMEC_1773529_L",0.411108424915403,0.319273269689779,0.060569112464167,-0.0740803936095356,-0.365451626671079,-0.487873777172632,-0.0296383009957832,0.0461869433440429,0.119906348035637,0.159088251892886,0.242562504090366,0.188387533195749,0.192273151284991,-0.0143462752359142,-0.0207945428009251,-0.141724620743898,-0.283706961025191,-0.321739040658067,"Andrena prunorum","Andrena","Andreninae","Andrenidae","Female","UCSB",0.2656
"12","EMEC_1773532_L",0.412560532097747,0.316853913426803,0.0493781145774223,-0.0824281738465288,-0.368684850365418,-0.491721446706319,-0.0216490140537529,0.0569222250561731,0.128768699813873,0.151157393114173,0.236802359044538,0.177630884194408,0.188548328621398,-0.00704428803956772,-0.0115447417604126,-0.137828956472068,-0.278930497813539,-0.318790480888931,"Andrena prunorum","Andrena","Andreninae","Andrenidae","Female","UCSB",0.2136
"13","EMEC_1773557_L",0.408870153182653,0.317669400814407,0.0473970268488668,-0.0733823862561775,-0.368795934406613,-0.495587628915584,-0.0276239074371546,0.0564475098562457,0.135005766313358,0.1509130706764,0.234734002310005,0.179066288463486,0.195508797682686,-0.0103841793108129,-0.00893301599040378,-0.153376189516808,-0.278548452101927,-0.308980322212623,"Andrena prunorum","Andrena","Andreninae","Andrenidae","Female","UCSB",0.2317
"14","EMEC_1773582_L",0.40950114957291,0.319695744205452,0.0380207225208218,-0.0944100913754608,-0.356377251965722,-0.484525935491851,-0.0239211411171038,0.0569480625465938,0.135068741104359,0.149573808842607,0.241854865124084,0.18037382481249,0.186472303755694,0.00270340619062283,-0.00820017344013079,-0.146550568790485,-0.288406820523779,-0.317820645971103,"Andrena prunorum","Andrena","Andreninae","Andrenidae","Female","UCSB",0.2376
"15","EMEC_1773606_L",0.414346152289992,0.320889774543812,0.0468600973904855,-0.093045871146244,-0.371817031723488,-0.495382721800944,-0.0196706006710468,0.0583929431123153,0.139427258005117,0.141292213567677,0.235335977200792,0.170149100038448,0.182826388856339,-0.00528373458624044,-0.00477095185535529,-0.140550820112742,-0.268209104884834,-0.310789068224084,"Andrena prunorum","Andrena","Andreninae","Andrenidae","Female","UCSB",0.2134
"16","EMEC_1773582_R",0.406736064918847,0.319619550845645,0.0401152163721809,-0.0922127174198941,-0.357951190863123,-0.483555891637067,-0.0247608670121112,0.0595846043716022,0.13242523042392,0.154177090303459,0.240137780018872,0.178786559628315,0.189464045184666,0.00191004433119966,-0.00764549473958847,-0.146787558477248,-0.288375781610999,-0.321666684638676,"Andrena prunorum","Andrena","Andreninae","Andrenidae","Female","UCSB",NA
"17","EMEC_1773532_R",0.409312020270796,0.315983463585965,0.0480106244499181,-0.0846022029493001,-0.362132419637359,-0.492851992760666,-0.019477859230563,0.0575626029446736,0.128195763326537,0.152881319568523,0.23924528907383,0.177453629828294,0.188037442480206,-0.00233831248398252,-0.0107137876286505,-0.139812273572576,-0.282162247290575,-0.322591059975066,"Andrena prunorum","Andrena","Andreninae","Andrenidae","Female","UCSB",NA
"18","EMEC_1773529_R",0.409733194985083,0.321628547142058,0.0551888351760799,-0.074721038566776,-0.367273158359319,-0.484701807654448,-0.0293275802571934,0.047580162999131,0.121892844535387,0.155987345405687,0.24417309611938,0.189317162339082,0.1918078263591,-0.0115256176301356,-0.0208312732555346,-0.146316330028105,-0.28086478829772,-0.321747421011751,"Andrena prunorum","Andrena","Andreninae","Andrenidae","Female","UCSB",NA
"19","EMEC_1773557_R",0.410518763367918,0.317391913318165,0.0456945469787261,-0.0752953724791457,-0.367181174847948,-0.499813366122979,-0.0280477181234786,0.0564371574277872,0.140295250480958,0.144218768104893,0.235816983197841,0.177249969480475,0.192838002712786,-0.0054037986153065,-0.0118403156720275,-0.150767840485654,-0.274336279469967,-0.307775489253039,"Andrena prunorum","Andrena","Andreninae","Andrenidae","Female","UCSB",NA
"20","EMEC_1773606_R",0.41435518667287,0.316385949380233,0.0472130419949544,-0.0878560010669436,-0.37539505190217,-0.490448523115939,-0.0208662707414148,0.0609558962140555,0.135655772564353,0.148592322479404,0.232017908019808,0.170454854208871,0.189256984920118,-0.00777474106257812,-0.00291238036984137,-0.144870659319657,-0.272648311669094,-0.312115977207033,"Andrena prunorum","Andrena","Andreninae","Andrenidae","Female","UCSB",NA
"21","SBMNH_ENT0116669_L",0.502539036069894,0.372380080325632,-0.105129735187118,-0.214923569926426,-0.402448805216943,-0.426646369309782,0.0336359630223968,0.0767180034247323,0.163875396797616,0.114460461331795,0.199505971507558,0.0842474688388016,0.102494219841495,0.0346124139871203,0.0467868824368927,-0.073540034506726,-0.223795639271191,-0.284771744165747,"Anthophora edwardsii","Anthophora","Apinae","Apidae","Female","SBMNH",0.41435
"22","SBMNH_ENT0116670_L",0.494766209436061,0.374236884724292,-0.0867005976715496,-0.224478543799236,-0.403447769346417,-0.435395625899896,0.0364503699583204,0.074144143476169,0.170424929122255,0.130423154914009,0.174365291810866,0.0894404263032728,0.103429421254077,0.0341972630863156,0.0509810518332728,-0.0821576271705874,-0.222908448106801,-0.277770533924426,"Anthophora edwardsii","Anthophora","Apinae","Apidae","Female","SBMNH",0.3467
"23","SBMNH_ENT0116671_L",0.493049301757932,0.37024625695537,-0.108458227467492,-0.209351334677611,-0.408489897903694,-0.437692828724385,0.0435662183728824,0.0808652338930475,0.176265277793952,0.123088485642419,0.183054715941162,0.0758195194924914,0.0974627754096514,0.0403744625160553,0.0594623405043917,-0.0690973870388434,-0.224569379495437,-0.285595532971891,"Anthophora edwardsii","Anthophora","Apinae","Apidae","Female","SBMNH",0.39675
"24","SBMNH_ENT0116672_L",0.499731270498725,0.370688449393858,-0.109148492592992,-0.212592157306997,-0.410637591390264,-0.43548284458913,0.0415204242851731,0.0812017172512819,0.174719224450346,0.121709947108619,0.175066670772042,0.0806475817294815,0.102827122010121,0.0346688207597547,0.0550971428295537,-0.0665489558969395,-0.225379717967338,-0.278088611345294,"Anthophora edwardsii","Anthophora","Apinae","Apidae","Female","SBMNH",0.3864
"25","UCSB_IZC00010322_L",0.489175170775092,0.363503736519656,-0.0946102637418624,-0.216104072677525,-0.403597890401179,-0.439495263725496,0.0381564974462963,0.0827320577105118,0.180240028094509,0.117381375719227,0.181114097614403,0.0891255939756956,0.108051173815567,0.0348365061448047,0.0564279409082581,-0.0768911467366306,-0.223142226430612,-0.286903315010711,"Anthophora edwardsii","Anthophora","Apinae","Apidae","Female","UCSB",0.351
"26","UCSB_IZC00010379_L",0.496468081852815,0.348127756415432,-0.0977965282524844,-0.211880720646623,-0.408557972555466,-0.434613605770263,0.0370201604941515,0.0882726508821604,0.182960177580278,0.115588912655223,0.178472850710647,0.0930787791721322,0.110597335699032,0.0409502587443114,0.0563573967146875,-0.082363057112091,-0.229003782319,-0.283678694264941,"Anthophora edwardsii","Anthophora","Apinae","Apidae","Female","UCSB",0.388
"27","UCSB_IZC00037376_L",0.496496635636702,0.342598268127943,-0.0951256839839602,-0.207544975891194,-0.404821419986855,-0.440715904355315,0.0440875641742448,0.0811542571781216,0.183871259100316,0.114254168664319,0.177295787484854,0.0987964310252558,0.11457482855511,0.036338981275957,0.0536646256755553,-0.0782832610807716,-0.229201969542184,-0.287439592058096,"Anthophora edwardsii","Anthophora","Apinae","Apidae","Female","UCSB",0.327
"28","SBMNH_ENT0116669_R",0.501161953587383,0.369998647223384,-0.106307542145189,-0.210685415607927,-0.40486294538403,-0.427111249267706,0.0364371246484004,0.0744165738148651,0.166952853130818,0.116782372739119,0.194463264186097,0.0872593914545633,0.104470205822666,0.0307725568874039,0.0485633010126116,-0.0701038147527938,-0.223674046937132,-0.288533230412536,"Anthophora edwardsii","Anthophora","Apinae","Apidae","Female","SBMNH",NA
"29","SBMNH_ENT0116670_R",0.500363408133819,0.376458750263422,-0.0913389741193794,-0.221969638326233,-0.405216737960168,-0.427088906051313,0.0309198451834895,0.0723285253948165,0.165543727481546,0.142060640817534,0.166478078327704,0.0927355789956492,0.103780840872386,0.0331711310598679,0.0481295628583315,-0.0830014794975367,-0.226203662647738,-0.277150690786198,"Anthophora edwardsii","Anthophora","Apinae","Apidae","Female","SBMNH",NA
"30","UCSB_IZC00037376_R",0.495084069445273,0.344994607520043,-0.0957443143186275,-0.202552257776917,-0.406644130607651,-0.440210817686887,0.0421028302679388,0.0827472653073543,0.180222747849472,0.114905602531012,0.181277101633002,0.0979478090634549,0.111567834047211,0.0344732282083319,0.0541891757692801,-0.0746036635458507,-0.229915860995373,-0.28984122671107,"Anthophora edwardsii","Anthophora","Apinae","Apidae","Female","UCSB",NA
"31","UCSB_IZC00010881_L",0.466448912358809,0.285763182160343,0.0312368557078439,-0.147659204195737,-0.344984603686315,-0.451024577772841,-0.0432994292236024,0.0477956383049842,0.155723226346516,0.195866700921715,0.201307294643219,0.157346522255294,0.162376373714095,0.0408908246430796,0.00775128204588871,-0.167397355670104,-0.271323795393464,-0.326817847159723,"Apis mellifera","Apis","Apinae","Apidae","Female","UCSB",0.286
"32","UCSB_IZC00033241_L",0.477721878642823,0.292447401055222,0.00561795154363998,-0.161841524115882,-0.354991711486355,-0.431519321502693,-0.0409160699306738,0.0570725672719673,0.156408828521951,0.208065092101987,0.19348001814164,0.132390812216277,0.151344505613343,0.0436001799589248,0.0303183926601595,-0.162127989615108,-0.269443117337344,-0.32762789373988,"Apis mellifera","Apis","Apinae","Apidae","Female","UCSB",0.303
"33","UCSB_IZC00036441_L",0.475762780639111,0.297161389899092,0.00888230606879295,-0.159857806863906,-0.361377562958227,-0.445049803373007,-0.047399663144022,0.0581279572178591,0.173750402514306,0.1930657729328,0.185842692961466,0.134545669555095,0.150628572960531,0.0440542770737676,0.0276532651665793,-0.168937156032272,-0.258361752289157,-0.308491342328807,"Apis mellifera","Apis","Apinae","Apidae","Female","UCSB",0.297
"34","UCSB_IZC00036441_L",0.475762780639111,0.297161389899092,0.00888230606879295,-0.159857806863906,-0.361377562958227,-0.445049803373007,-0.047399663144022,0.0581279572178591,0.173750402514306,0.1930657729328,0.185842692961466,0.134545669555095,0.150628572960531,0.0440542770737676,0.0276532651665793,-0.168937156032272,-0.258361752289157,-0.308491342328807,"Apis mellifera","Apis","Apinae","Apidae","Female","UCSB",0.284
"35","UCSB_IZC00044306_L",0.491574888025659,0.288090974201771,0.0148631850800255,-0.1590904479253,-0.356743772828462,-0.446871046037011,-0.0404652522835724,0.0575027498772309,0.151138721889662,0.198085138205636,0.184839669971637,0.142132041621612,0.149457056925548,0.0354817188475586,0.0194366128194618,-0.15876720539355,-0.253994013221296,-0.316671019776608,"Apis mellifera","Apis","Apinae","Apidae","Female","UCSB",0.297
"36","UCSB_IZC00038548_L",0.492260142173505,0.280538107294574,0.0170024226165049,-0.14785464804358,-0.349010198485959,-0.445170108981716,-0.0478137638026693,0.047365741366642,0.152682305862699,0.209588388779994,0.190697547769195,0.140004525024317,0.153394216142025,0.0381570174401088,0.0201818545870319,-0.170178086919261,-0.265768243150359,-0.316077219673053,"Apis mellifera","Apis","Apinae","Apidae","Female","UCSB",NA
"37","UCSB_IZC00038889_L",0.487973725920608,0.295238129173852,0.0138572384066339,-0.139176190108535,-0.352640021464356,-0.463737113400799,-0.0394812865952908,0.0471741512615757,0.150791366806313,0.205853741891838,0.181953040517444,0.13288465607551,0.1504034154277,0.0349239770355229,0.0126134450963569,-0.15012429770369,-0.255965264459451,-0.312542713881231,"Apis mellifera","Apis","Apinae","Apidae","Female","UCSB",NA
"38","UCSB_IZC00030944_L",0.47402418304286,0.310109780351674,0.0064765008464058,-0.167638537081077,-0.359837041939946,-0.443662237104642,-0.0424379190978839,0.0557691097463487,0.167196161236261,0.18568752053274,0.194439679158521,0.135206772617917,0.14455850273256,0.0395451884897219,0.0256841269057512,-0.160833829950715,-0.254560741181682,-0.309727219304814,"Apis mellifera","Apis","Apinae","Apidae","Female","UCSB",NA
"39","UCSB_IZC00009049_R",0.482786004914943,0.297361216733287,0.00298943102121442,-0.171244519244833,-0.355636238948948,-0.434902389859137,-0.0462920154109728,0.0587655795085903,0.166172931285858,0.184715089408026,0.197644145570132,0.139573289185764,0.146625653547647,0.0376168987364009,0.0281743788006067,-0.156794287523003,-0.259631416205203,-0.317923751520371,"Apis mellifera","Apis","Apinae","Apidae","Female","UCSB",NA
"40","UCSB_IZC00019263_R",0.493515837888256,0.300692230400716,0.00658146862913625,-0.180276211404375,-0.357271189386345,-0.43120496391123,-0.0412693090851575,0.0568090866453233,0.152423050223674,0.197944479151212,0.189613837161663,0.14009439929592,0.135443922425184,0.0356809814427033,0.0307739479049841,-0.161706610689366,-0.25098162054659,-0.316863336145712,"Apis mellifera","Apis","Apinae","Apidae","Female","UCSB",NA
"41","UCSB_IZC00010460_L",0.446481005867762,0.378017559180459,-0.111689445682391,-0.209677547243312,-0.358178693091033,-0.429838099772221,0.0189000633876956,0.0901993949880333,0.175785762365008,0.114868066043375,0.224655776282173,0.105403855416531,0.132393631639992,0.0410128027442316,0.0582238595857556,-0.117908186434959,-0.251493609846263,-0.307156195430839,"Bombus californicus","Bombus","Apinae","Apidae","Female","UCSB",0.406
"42","UCSB_IZC00028371_L",0.450836933996761,0.374207036410408,-0.112595114065596,-0.197776206359168,-0.358858904615368,-0.42920216912997,0.0161499545159007,0.0774723874299821,0.179766081817049,0.122211045083946,0.227983406452657,0.100164108824145,0.131331148801819,0.0383169369571199,0.0612635498307552,-0.122642769943288,-0.251459729502767,-0.307167696504389,"Bombus californicus","Bombus","Apinae","Apidae","Female","UCSB",0.337
"43","UCSB_IZC00035618_L",0.451713356854681,0.372394430120289,-0.11215589099636,-0.22520011516903,-0.35206130306388,-0.416330980157245,0.0214704731841957,0.0817315797529759,0.178438449474374,0.126051925311047,0.227858463484301,0.0982445849739283,0.127470393187677,0.0466856047654747,0.0674823880238634,-0.121543991326928,-0.253330223512997,-0.318919144906365,"Bombus californicus","Bombus","Apinae","Apidae","Female","UCSB",0.483
"44","UCSB_IZC00041667_L",0.452419956032596,0.375827320773409,-0.108513555555169,-0.214388003832963,-0.359714156810612,-0.430421139780701,0.0208847631678932,0.0855769160885869,0.178327899916959,0.125640765057578,0.217638128494305,0.0930105253610911,0.128788185775389,0.0447334341526518,0.0652046502998131,-0.123623466749761,-0.25072812686831,-0.300664095522758,"Bombus californicus","Bombus","Apinae","Apidae","Female","UCSB",0.309
"45","UCSB_IZC00042970_L",0.454784560815929,0.381033958081559,-0.100089546308931,-0.208172493966525,-0.365219597120749,-0.424539955516182,0.0164726025503611,0.0791830561299862,0.166547415334553,0.129164166247196,0.226973223708603,0.0928704010011874,0.127350545225176,0.0392614661105047,0.0577692334090687,-0.122167951923022,-0.24659213070645,-0.304628953072263,"Bombus californicus","Bombus","Apinae","Apidae","Female","UCSB",0.341
"46","UCSB_IZC00010460_R",0.442456158056051,0.375384063813853,-0.112341416475561,-0.204097598758954,-0.363172440087598,-0.430885687231939,0.0196670451592375,0.0906434353920827,0.182346440132827,0.112789274372704,0.221498468163556,0.109755628407199,0.133972063171707,0.0397519912118262,0.0604130192417057,-0.120390848054874,-0.250452020667167,-0.307337575846653,"Bombus californicus","Bombus","Apinae","Apidae","Female","UCSB",NA
"47","UCSB_IZC00010425_L",0.447709674172771,0.369473564412545,-0.11282334434373,-0.215222670892317,-0.36394797348403,-0.426900358210624,0.0274833534847757,0.0929148973822767,0.181312857478333,0.112731238568627,0.221731283446092,0.0991492533826203,0.133346161870989,0.0474668705691624,0.0614491499552647,-0.11273654229889,-0.249078706927842,-0.314058708566023,"Bombus californicus","Bombus","Apinae","Apidae","Female","UCSB",NA
"48","UCSB_IZC00042970_R",0.458274154088364,0.377762116830384,-0.0984499829229351,-0.204867077928361,-0.361075960159628,-0.427606751866147,0.0139780839203458,0.0788365416656673,0.163148876372308,0.134572652806301,0.225314195069859,0.0936268610741522,0.125603106241338,0.0369001130246601,0.0590465387507939,-0.121977928758911,-0.247426044763222,-0.305659493444973,"Bombus californicus","Bombus","Apinae","Apidae","Female","UCSB",NA
"49","UCSB_IZC00010546_L",0.453764931662661,0.370125893938544,-0.131414642847851,-0.210918837820036,-0.350181953371068,-0.431689392401027,0.024063995840771,0.0899314194513049,0.186318585546701,0.122497984379755,0.216202096208412,0.0933108352482326,0.128123654335501,0.0523967655705104,0.0682914092487988,-0.118874475464655,-0.250815099259587,-0.311133170266969,"Bombus californicus","Bombus","Apinae","Apidae","Female","UCSB",NA
"50","UCSB_IZC00035618_R",0.44881537248923,0.373840422228444,-0.111275818294395,-0.221399136902482,-0.348988212809189,-0.421803976882075,0.0282922441872721,0.078090431359161,0.174428674624033,0.122609468222346,0.23232444716966,0.099267381006907,0.131357546380645,0.0467743995208323,0.0621437985032636,-0.123416392826454,-0.253195796468264,-0.317864851508934,"Bombus californicus","Bombus","Apinae","Apidae","Female","UCSB",NA
"51","UCSB_IZC00055289_L",0.398009261660634,0.27487011227028,0.030564488839073,-0.123460746540186,-0.353711032279277,-0.467663948933601,0.00620153050487154,0.0845884502152502,0.15060188426296,0.135863777253558,0.228636845481599,0.19542246492522,0.221170671262374,0.0257347466775829,-0.00141990831495952,-0.155708450670747,-0.305506534452868,-0.344193612161762,"Calliopsis andreniformis","Calliopsis","Panurginae","Andrenidae","Female","UCSB",0.117
"52","UCSB_IZC00055354_R",0.410567223688384,0.267309418661153,0.0232284295205601,-0.127191862328479,-0.355944662218452,-0.451630100149087,0.00213888986844785,0.0816069598070666,0.14991570315041,0.151118127747089,0.228082789470691,0.192755957334048,0.205045719739612,0.0208461759685353,0.0176674190456975,-0.152178035178624,-0.312208818266429,-0.351129335860617,"Calliopsis andreniformis","Calliopsis","Panurginae","Andrenidae","Female","UCSB",0.134
"53","UCSB_IZC00055752_L",0.402600657268289,0.272687673246459,0.0214919426615813,-0.136063933042433,-0.345306011809489,-0.460168581850383,0.00431751905692444,0.0847641462490901,0.155676588219963,0.13965691339433,0.235374120855243,0.192561764209437,0.202446046048028,0.0351752787640229,0.0137379071917795,-0.164050546635518,-0.308713026855766,-0.346188456971553,"Calliopsis andreniformis","Calliopsis","Panurginae","Andrenidae","Female","UCSB",0.139
"54","UCSB_IZC00058762_R",0.375721366642534,0.291634080817611,0.0442022134993725,-0.129746869774196,-0.352402974627073,-0.473333301104735,-0.0062195646977173,0.0911332065421872,0.159011842702018,0.142344010949585,0.22565356108151,0.20137949468567,0.208409262459269,0.0312868254901668,0.00874410687484024,-0.174749280633854,-0.310391210182685,-0.332676770724505,"Calliopsis andreniformis","Calliopsis","Panurginae","Andrenidae","Female","UCSB",0.116
"55","UCSB_IZC00058791_L",0.410025370913261,0.260274232095421,0.0255249993927226,-0.112899665627823,-0.349200735961918,-0.480041578186342,0.000869981679178369,0.0871528839949958,0.158294511700509,0.139351262146097,0.224151768321901,0.189966762641175,0.206154476549033,0.027612875643213,0.00915653571756352,-0.149045935488419,-0.29965121134033,-0.347696534190236,"Calliopsis andreniformis","Calliopsis","Panurginae","Andrenidae","Female","UCSB",0.131
"56","UCSB_IZC00062637_L",0.407953142710777,0.272322384532229,0.0140543875691167,-0.121866500445043,-0.357799207883268,-0.459299961276778,0.0031990289652935,0.0871652145486481,0.154271511279028,0.151116781726692,0.227779808227301,0.174384145101809,0.201811201888672,0.0303809130114287,0.0210878928334379,-0.150596844157992,-0.30848710843657,-0.34747679019478,"Calliopsis andreniformis","Calliopsis","Panurginae","Andrenidae","Female","UCSB",0.153
"57","UCSB_IZC00055358_R",0.408492832631335,0.26023788152744,0.0267327816978505,-0.106048485080404,-0.351539346756079,-0.479111668280197,-0.00513806647369554,0.0895533851255854,0.156820685608167,0.143689990424057,0.222625686746792,0.190133616190136,0.210504995763129,0.0281607995926532,0.00787596244696327,-0.158449581730978,-0.300766125728751,-0.343775343704001,"Calliopsis andreniformis","Calliopsis","Panurginae","Andrenidae","Female","UCSB",NA
"58","UCSB_IZC00058743_R",0.407449983037498,0.259397962564586,0.0221515838224212,-0.121015569205915,-0.347853166166133,-0.468919239284726,0.00822236763665476,0.0848748089841322,0.155691268611478,0.139485207660493,0.230075173720277,0.19216225223171,0.209592640805756,0.0279832077952107,0.0121639222148156,-0.151756771598817,-0.306779946153281,-0.352925686676165,"Calliopsis andreniformis","Calliopsis","Panurginae","Andrenidae","Female","UCSB",NA
"59","UCSB_IZC00055354_L",0.408869767633337,0.268572928799968,0.0265885711541314,-0.118227246641322,-0.356646533895193,-0.465391322463684,0.0065172498350219,0.0825911941191856,0.147125391458559,0.15256548718216,0.22486606218714,0.187489167207555,0.203119894524375,0.0265693991688137,0.0128363378694386,-0.155680619987841,-0.304430258977178,-0.34733546917446,"Calliopsis andreniformis","Calliopsis","Panurginae","Andrenidae","Female","UCSB",NA
"60","UCSB_IZC00058762_L",0.381570059670575,0.28905879459007,0.0365221362941865,-0.124483018775285,-0.355427004289719,-0.470956313932381,0.00147645070949377,0.0890721532836014,0.153166742449453,0.139554559630614,0.230242594993159,0.195055764328672,0.21162926957595,0.0298077936985629,0.00500285387893392,-0.163268500097014,-0.309947567189328,-0.338076768819554,"Calliopsis andreniformis","Calliopsis","Panurginae","Andrenidae","Female","UCSB",NA
"61","UCSB_IZC00065370_R",0.388862513644513,0.293476023831925,-0.0105091624570865,-0.122536686607277,-0.33732119196691,-0.489690946715052,0.0336668962592813,0.0998981346352037,0.144154419375402,0.135055095854038,0.223354322550481,0.184725553402542,0.209209326863177,0.0364679167742526,0.0180600324441736,-0.182287698012095,-0.294349886814131,-0.330234663062436,"Ceratina strenua","Ceratina","Xylocopinae","Apidae","Female","UCSB",0.128
"62","UCSB_IZC00058718_R",0.38892392965672,0.288130224359326,0.0043088486274523,-0.114141802596134,-0.340075807495876,-0.492584962714231,0.0267215793812072,0.0948010086972833,0.143916982084257,0.137105206024597,0.223039897688572,0.194601035993895,0.21050271359072,0.030469586715438,0.0136263575457992,-0.187268684823811,-0.291925177221823,-0.330150935513382,"Ceratina strenua","Ceratina","Xylocopinae","Apidae","Female","UCSB",0.118
"63","UCSB_IZC00058764_L",0.402049385085106,0.28646805195598,-0.000233725069950508,-0.113478876308597,-0.335854715038443,-0.497881684111535,0.0200993637407043,0.088763220173077,0.150068979573658,0.143034761823189,0.216480266699696,0.179052019561305,0.208216270655863,0.0313584863658408,0.01435260060335,-0.179872798433702,-0.283301538411661,-0.329320068863883,"Ceratina strenua","Ceratina","Xylocopinae","Apidae","Female","UCSB",0.104
"64","UCSB_IZC00055264_L",0.393884369247868,0.28677563038874,-0.00590315858621818,-0.123450887532034,-0.338149778642248,-0.502355348967062,0.0328740475517022,0.0978730913284084,0.158452035210842,0.132621543574343,0.211716507214779,0.18063934828291,0.205517864931104,0.038920206618534,0.0198942056687388,-0.180392840314416,-0.27922441418831,-0.32969242178768,"Ceratina strenua","Ceratina","Xylocopinae","Apidae","Female","UCSB",0.12
"65","UCSB_IZC00058709_L",0.389773449659749,0.29838891160457,-0.0130711555363502,-0.119557129578515,-0.334866087759127,-0.500889994124031,0.0334946824024909,0.101992538176652,0.144734785154561,0.132660415768265,0.21400935593117,0.1864301480267,0.211220057710629,0.0355316509459201,0.0123761207103741,-0.18069308275734,-0.289556245421415,-0.321978420914305,"Ceratina strenua","Ceratina","Xylocopinae","Apidae","Female","UCSB",0.127
"66","UCSB_IZC00065404_R",0.396206159959424,0.284521001956104,-0.0118232505755002,-0.137977041931902,-0.328067611672725,-0.479903186048789,0.0274309181781346,0.096214402927616,0.153398607207632,0.140489849259492,0.217591788202165,0.187550302044266,0.212294184494813,0.0347375742611477,0.0255774606448445,-0.184749955372111,-0.297497985047837,-0.33599321848678,"Ceratina strenua","Ceratina","Xylocopinae","Apidae","Female","UCSB",0.117
"67","UCSB_IZC00062589_R",0.393044015077639,0.29685288839741,0.0151517983345026,-0.128672753967229,-0.340684163030135,-0.484860967161158,0.0187226464042573,0.0894719134081567,0.140974622536558,0.126784357658662,0.229070130710117,0.199405049346398,0.216236512339568,0.026182110913425,-0.000269256556616897,-0.185152322667724,-0.286980429184193,-0.325276152559638,"Ceratina strenua","Ceratina","Xylocopinae","Apidae","Female","UCSB",0.087
"68","UCSB_IZC00058722_L",0.392492266091304,0.291704448593851,0.00271221818603288,-0.117856147370534,-0.339834854803583,-0.495171529686283,0.0227625998507228,0.0959263449013924,0.147264654237088,0.155589181935453,0.207171099767531,0.176190184858991,0.206968615992833,0.0347563965342312,0.0214748576009967,-0.182568522253322,-0.291298981573952,-0.328282832862765,"Ceratina strenua","Ceratina","Xylocopinae","Apidae","Female","UCSB",0.107
"69","UCSB_IZC00058691_R",0.390758529701048,0.299532579344,-0.000422177352760018,-0.117123652642387,-0.3389536866822,-0.493509748284058,0.0256924547348557,0.0909763970109937,0.14304930417051,0.145494228792437,0.213998735903982,0.185357874998981,0.212493157604404,0.0316310106663135,0.0108343062062679,-0.186752647383228,-0.289217531782637,-0.323839135006522,"Ceratina strenua","Ceratina","Xylocopinae","Apidae","Female","UCSB",0.114
"70","UCSB_IZC00058790_L",0.392669250978765,0.285051046922763,-0.00123487892568412,-0.118036635609627,-0.323186021999085,-0.510793851422193,0.0310385602190462,0.0940512159316625,0.150441313904352,0.138412259134903,0.21607522418315,0.183899824725435,0.207215276992314,0.0418853688041816,0.0123636823120518,-0.181103897694177,-0.287949854627998,-0.330797883829865,"Ceratina strenua","Ceratina","Xylocopinae","Apidae","Female","UCSB",0.122
"71","UCSB_IZC00030264_L",0.447033534539895,0.338375505945091,-0.0743748555827043,-0.190820422297394,-0.343872529996366,-0.473774552737526,0.0404657854612533,0.0923229509275058,0.164644583740246,0.12629382451587,0.209982758481808,0.108403939966576,0.137712576559041,0.0454406981381494,0.0522746253028574,-0.09825441250952,-0.27741252053535,-0.304441489919431,"Diadasia bituberculata","Diadasia","Apinae","Apidae","Female","UCSB",0.304
"72","UCSB_IZC00031299_L",0.443922772631373,0.325960277969536,-0.0758134875980395,-0.185770681816604,-0.345453326089029,-0.473303690837493,0.037200421953734,0.100148785529434,0.173108928257087,0.110191173749921,0.212487466580294,0.121627157173624,0.145321139161679,0.0512083343406322,0.0413534018966458,-0.086611526413066,-0.283145204411869,-0.312431942077859,"Diadasia bituberculata","Diadasia","Apinae","Apidae","Female","UCSB",0.295
"73","UCSB_IZC00037171_L",0.437703362560936,0.323447881272233,-0.0581948680558759,-0.177922694992503,-0.353828783515443,-0.473048241478231,0.0263120621407945,0.100238782005382,0.17529250006271,0.115306155454258,0.217300257342018,0.11691741624341,0.15034167999639,0.0453373163810125,0.0491059382372519,-0.109849811964636,-0.277074456600918,-0.307384495088788,"Diadasia bituberculata","Diadasia","Apinae","Apidae","Female","UCSB",0.36
"74","UCSB_IZC00037255_L",0.454219814677947,0.330196831975256,-0.0760138046014019,-0.184284873627892,-0.342938282688131,-0.478767446789667,0.0392590709469594,0.0974679847915919,0.160860705315336,0.123421733483949,0.205655729347248,0.114476540624245,0.139578587891088,0.0485224949293487,0.0438553821997737,-0.0966045970732934,-0.275495076204683,-0.303410795197675,"Diadasia bituberculata","Diadasia","Apinae","Apidae","Female","UCSB",0.314
"75","UCSB_IZC00037347_L",0.440158171000663,0.324567153603996,-0.076876071465079,-0.185576110564203,-0.33648168006206,-0.474754308436475,0.049899408750523,0.0995704912572363,0.159492945915399,0.124074541124613,0.212316117501276,0.119756172509102,0.147938919419445,0.0563417787810443,0.0423731678940983,-0.0969449836209187,-0.284701807074334,-0.321153906534326,"Diadasia bituberculata","Diadasia","Apinae","Apidae","Female","UCSB",0.338
"76","UCSB_IZC00037492_R",0.439568955795971,0.324308507831725,-0.0706333308602221,-0.17992759271543,-0.345045901149419,-0.489295074723029,0.0493753593779034,0.100399333985664,0.171249742456833,0.114502371834379,0.207258552919019,0.11621477280447,0.143475602647218,0.0470366569806626,0.0510162684489093,-0.0946282533580264,-0.27672388780584,-0.308152084470792,"Diadasia bituberculata","Diadasia","Apinae","Apidae","Female","UCSB",NA
"77","UCSB_IZC00040929_R",0.436061144737833,0.325065227549602,-0.0388348406378608,-0.1827220157397,-0.337905749560488,-0.470391720770078,0.0240880741084237,0.0857359665511214,0.158903913761146,0.137796284136089,0.225752586037126,0.121964372409784,0.141599821985633,0.049007758608624,0.0449176357784528,-0.118689519851074,-0.284485812421641,-0.317863126682991,"Diadasia bituberculata","Diadasia","Apinae","Apidae","Female","UCSB",NA
"78","UCSB_IZC00040929_L",0.438904127120343,0.323179325291683,-0.039610218950059,-0.18137778139725,-0.337953526559768,-0.464233495128011,0.0190644494050076,0.0820912109366997,0.159935909281357,0.137253463867151,0.229674955580965,0.124709311523801,0.143140268031985,0.046596566801616,0.0437818163322244,-0.118550209917244,-0.288489749325664,-0.318116422894834,"Diadasia bituberculata","Diadasia","Apinae","Apidae","Female","UCSB",NA
"79","UCSB_IZC00037171_R",0.440518404976005,0.320732852860597,-0.0521647710595233,-0.185352654204692,-0.346549462993275,-0.471207363145154,0.0297635737526934,0.0983577823486644,0.165901637464686,0.125510776407607,0.21677123452176,0.12085716599176,0.143425837984871,0.0445625970898393,0.0519794295897412,-0.108049780905697,-0.27949647376817,-0.315560786911713,"Diadasia bituberculata","Diadasia","Apinae","Apidae","Female","UCSB",NA
"80","UCSB_IZC00038796_L",0.444100871657287,0.320942712771864,-0.057200733787416,-0.17844226340492,-0.342844333245105,-0.48450541431619,0.0372476431392215,0.0910192227733439,0.169682294411914,0.125099738605135,0.207532358083577,0.120285832479564,0.142569827621421,0.0446546034676497,0.0464217485812518,-0.0950023274069109,-0.282237217171604,-0.309324564260086,"Diadasia bituberculata","Diadasia","Apinae","Apidae","Female","UCSB",NA
"81","UCSB_IZC00009829_L",0.444501606645165,0.266952456604482,-0.0242855621310747,-0.166727427051234,-0.368210777163955,-0.44831528937056,0.0429546505417163,0.0916656702542768,0.16146467167118,0.143696936678962,0.208563800368064,0.145906642996683,0.165398957854785,0.0268457857044708,0.055414762895337,-0.0930375778192842,-0.291415738133758,-0.361373570545258,"Eucera actuosa","Eucera","Apinae","Apidae","Female","UCSB",0.28
"82","UCSB_IZC00030337_L",0.447279070287084,0.273531497285324,-0.0159056371967224,-0.15797930054556,-0.365942544781086,-0.453699641269144,0.0358667197917917,0.0833801627701637,0.153469673658151,0.150762872894344,0.213331712311151,0.138465505096231,0.165240698887615,0.0212335983186632,0.0499141109864728,-0.0924836790501396,-0.287699293612138,-0.358765525832202,"Eucera actuosa","Eucera","Apinae","Apidae","Female","UCSB",0.262
"83","UCSB_IZC00043471_L",0.456141579613122,0.269015484879656,-0.0209528463997492,-0.169538952074277,-0.371673848474142,-0.441993162542534,0.041532865896638,0.0799550483673064,0.157513830733982,0.145986059864843,0.213076050351148,0.14065242893836,0.16259791518836,0.0167630904213011,0.0571060934700522,-0.0929004026279069,-0.283937248083698,-0.359343987522456,"Eucera actuosa","Eucera","Apinae","Apidae","Female","UCSB",0.271
"84","UCSB_IZC00043584_L",0.429348365711579,0.298657936284721,-0.0248929826594877,-0.152783995061606,-0.368615991646672,-0.454664882560984,0.0345499257757241,0.0874609317160553,0.150940692440669,0.157364369419826,0.208794826449588,0.136639457836643,0.166698441498385,0.021229858112911,0.0504024634650334,-0.100211815558184,-0.289173931315992,-0.351743669908208,"Eucera actuosa","Eucera","Apinae","Apidae","Female","UCSB",0.288
"85","UCSB_IZC00047217_L",0.453298071459293,0.277167341714632,-0.0321921660871669,-0.160589959121383,-0.366825804958232,-0.451233075728723,0.0350019111056755,0.0850244942899881,0.160349187325911,0.14569895625683,0.209978806924607,0.135669407403286,0.16357778126178,0.0196624356054235,0.0565850531109446,-0.0985572421276563,-0.282485783792066,-0.350129414643146,"Eucera actuosa","Eucera","Apinae","Apidae","Female","UCSB",0.279
"86","UCSB_IZC00047317_L",0.456578486170024,0.272219572525056,-0.0298252665139162,-0.179792910704323,-0.365242300916484,-0.444579810759762,0.0372459081808111,0.0863037276780262,0.167092594340567,0.145623085262068,0.20385397815399,0.138043442128937,0.159349442308174,0.0268911219979795,0.0601681348233646,-0.0976376292112531,-0.28544031239558,-0.350851263067681,"Eucera actuosa","Eucera","Apinae","Apidae","Female","UCSB",NA
"87","UCSB_IZC00047293_L",0.453614964116131,0.27409581535052,-0.0320827678026761,-0.166155708075258,-0.356378956011032,-0.447099078042784,0.0387682688765655,0.0820020186127313,0.153235442975802,0.151363800238167,0.211837635564696,0.142529836367691,0.164893189279643,0.0240749441403246,0.0505207599196504,-0.0964789704099464,-0.285558665727338,-0.363182529372888,"Eucera actuosa","Eucera","Apinae","Apidae","Female","UCSB",NA
"88","UCSB_IZC00043205_L",0.447517835039902,0.271053798388951,-0.0346558294724839,-0.174818512689367,-0.37103304811339,-0.446443715950358,0.042913767057389,0.0865883289403181,0.178877376799039,0.130023357907417,0.210641863279761,0.139751659817549,0.161099049223094,0.0295569189694203,0.0593911497613928,-0.0883221620593661,-0.290264700487194,-0.351877136412078,"Eucera actuosa","Eucera","Apinae","Apidae","Female","UCSB",NA
"89","UCSB_IZC00047281_L",0.441176541440045,0.266240683333729,-0.0264055040746176,-0.171605734313287,-0.361804454756137,-0.440671709097789,0.037147141252313,0.0888187376918438,0.167104298523903,0.14382117549516,0.213182966916079,0.150192094952269,0.168868419384907,0.0265505569837959,0.0584513374561725,-0.0970974496264953,-0.30142488558079,-0.362544215981096,"Eucera actuosa","Eucera","Apinae","Apidae","Female","UCSB",NA
"90","UCSB_IZC00046915_L",0.451557437046954,0.266469699928461,-0.0380233376065428,-0.177152742953276,-0.355395002029865,-0.442137239466497,0.041298707122258,0.0877138954069996,0.165668582551512,0.143189300039877,0.211174831773386,0.144356175000467,0.167330760851759,0.0253950640066539,0.0622792762285432,-0.0995656115542292,-0.294850155476821,-0.359309640869632,"Eucera actuosa","Eucera","Apinae","Apidae","Female","UCSB",NA
"91","UCSB_IZC00009790_L",0.456585359061276,0.381995989338648,-0.0667894319912436,-0.212039855365803,-0.404572611518884,-0.433756933268723,0.0371581399056053,0.0721438704594113,0.169275473379713,0.0990918953039192,0.229302474744436,0.097964014979601,0.112169662398556,0.0270706725812318,0.0509715963848593,-0.0928727859831285,-0.24047785829215,-0.283219672117325,"Habropoda depressa","Habropoda","Apinae","Apidae","Female","UCSB",0.417
"92","UCSB_IZC00010287_L",0.44943058989627,0.387394681278538,-0.0684660330278651,-0.207324413804127,-0.405801909199738,-0.43829614241007,0.0443105163202131,0.0798151734683726,0.158937537478407,0.0969664725867294,0.228736994971543,0.10137784196663,0.116911093974332,0.023167791532764,0.0471731173831195,-0.0882534232953576,-0.239035570470492,-0.287044318649268,"Habropoda depressa","Habropoda","Apinae","Apidae","Female","UCSB",0.388
"93","UCSB_IZC00033743_L",0.456974583030802,0.385916728288961,-0.0695407055280119,-0.210544885952735,-0.405839861680352,-0.43986478656414,0.0423296825221161,0.0771055634974802,0.16346368238588,0.0895701980443733,0.229116974878943,0.0996867592541838,0.117102163342672,0.0246717259970866,0.0433272221867836,-0.0903412742257183,-0.231750555584902,-0.281383213893422,"Habropoda depressa","Habropoda","Apinae","Apidae","Female","UCSB",0.381
"94","UCSB_IZC00041391_L",0.448340041086812,0.38646242378378,-0.0672009557860307,-0.195238085386908,-0.402609478534575,-0.445279869921814,0.0398388826389795,0.0758235204766853,0.159863521643073,0.104366151616471,0.22438491329347,0.100945717857862,0.121479287045104,0.0212583657404761,0.0450199555904832,-0.0935779128362455,-0.237899169236224,-0.285977309071398,"Habropoda depressa","Habropoda","Apinae","Apidae","Female","UCSB",0.388
"95","UCSB_IZC00047053_L",0.454985208621026,0.390445176909762,-0.0676027002113008,-0.203013309294839,-0.400978310142084,-0.43915283212448,0.036133914304986,0.0696848742093094,0.159497977727616,0.0965428647075531,0.235310290848452,0.100681911885881,0.114851909422878,0.0185598706478498,0.043125710925551,-0.0869149101107844,-0.236508714489814,-0.285648933837566,"Habropoda depressa","Habropoda","Apinae","Apidae","Female","UCSB",0.376
"96","UCSB_IZC00028354_R",0.451128094599242,0.384943457773851,-0.0638045459455944,-0.200104526672055,-0.404678741846406,-0.449984450532054,0.047425181937574,0.0756571152834375,0.159418415402004,0.0923895883904417,0.227953155324254,0.101578370824629,0.1192648223102,0.0232191969332002,0.0402364881115445,-0.0873342619167786,-0.236886196951681,-0.280421163025809,"Habropoda depressa","Habropoda","Apinae","Apidae","Female","UCSB",NA
"97","UCSB_IZC00028354_L",0.453043733395437,0.391132358364043,-0.0641403804464008,-0.206202903899324,-0.404744729323618,-0.444059091467756,0.0453039562872898,0.0750194795053612,0.154647577584966,0.0979771851726841,0.223245548932979,0.101655430859999,0.121249066705522,0.0237179693912667,0.0356808294758005,-0.0863404457844322,-0.237912076979008,-0.279273507774809,"Habropoda depressa","Habropoda","Apinae","Apidae","Female","UCSB",NA
"98","UCSB_IZC00033743_R",0.453477400500271,0.390326585723568,-0.0649575509251293,-0.206503112489046,-0.407561366121635,-0.437816613530678,0.0347430628529755,0.0791492769399539,0.15914231704972,0.0902423437738355,0.235101730851795,0.101762270952957,0.115930047000246,0.0214336359120946,0.0429731469450562,-0.095370007676794,-0.230569895952078,-0.28150327180711,"Habropoda depressa","Habropoda","Apinae","Apidae","Female","UCSB",NA
"99","UCSB_IZC00014915_L",0.449387087383351,0.374976004856673,-0.0580141055699425,-0.215026037349208,-0.412752773442451,-0.444073244000598,0.0478186598061454,0.0772678902134988,0.180416518102527,0.0819961317891726,0.221026302952665,0.104578813861154,0.121981030154772,0.026973747324815,0.0458473799334835,-0.0839196672046823,-0.239646637609314,-0.278837101202065,"Habropoda depressa","Habropoda","Apinae","Apidae","Female","UCSB",NA
"100","UCSB_IZC00009790_R",0.452881400690407,0.381600752483014,-0.0667434738077218,-0.205030231388885,-0.404673330440679,-0.439484545621075,0.0426064893546899,0.0736930219115181,0.16514991681873,0.0959807179373099,0.227372441416184,0.0995696197632228,0.125565801036912,0.0169854204597085,0.0489394645009884,-0.0915268158295629,-0.239735878566381,-0.283150770718383,"Habropoda depressa","Habropoda","Apinae","Apidae","Female","UCSB",NA
"101","UCSB_IZC00030122_L",0.397916685792789,0.307574400224499,-0.0206818439658099,-0.110806913040009,-0.333762843808138,-0.497062850052658,0.0110501977205453,0.0819591429848321,0.163814024143951,0.104314182919061,0.249572552565103,0.17419544128971,0.204633397838858,0.0237439786293324,0.0109542878162455,-0.165401142688263,-0.287431001403813,-0.314581696966234,"Halictus farinosus","Halictus","Halictinae","Halictidae","Female","UCSB",0.222
"102","UCSB_IZC00030348_L",0.390240321976788,0.313936977735559,-0.0243314907911453,-0.110594456174597,-0.342822351168153,-0.497355487557433,0.0238260332880035,0.0852912580308037,0.161809194660174,0.0943803616788441,0.25344448876481,0.172117079503864,0.204451620337014,0.0266011911113462,0.00657569028917798,-0.154011670305202,-0.284114552097464,-0.319444209282394,"Halictus farinosus","Halictus","Halictinae","Halictidae","Female","UCSB",0.228
"103","UCSB_IZC00034799_R",0.388892179469495,0.304192331944838,-0.00543227754340404,-0.111019710429966,-0.344095883192374,-0.478849208517514,0.0112263072874064,0.0792359259047826,0.155850335076739,0.110216904542112,0.26027680704041,0.181620214973947,0.211882823852701,0.0216988922377687,0.0109914751493766,-0.179803681332884,-0.295864594151692,-0.321018842311737,"Halictus farinosus","Halictus","Halictinae","Halictidae","Female","UCSB",0.229
"104","UCSB_IZC00042935_L",0.391384783223254,0.310264019845614,-0.0216315961393457,-0.117570391669653,-0.341724360217801,-0.482776866367838,0.0107828859175925,0.08141379346159,0.169857731946585,0.0950015094954252,0.259753986660389,0.178019111692116,0.206055707104315,0.0269930050049093,0.0121314219338778,-0.172460136973297,-0.292034960432421,-0.313459644485314,"Halictus farinosus","Halictus","Halictinae","Halictidae","Female","UCSB",0.238
"105","UCSB_IZC00046903_L",0.390412758473936,0.312339257220127,-0.0123374361398916,-0.109666416391319,-0.345412661842365,-0.489208409443244,0.015588498712693,0.0793891253309835,0.158895284079082,0.0985368022331232,0.259537736762639,0.177646405823398,0.207264980658633,0.0260242610258578,0.0032359982383632,-0.170772001520761,-0.286458960555522,-0.315015222665731,"Halictus farinosus","Halictus","Halictinae","Halictidae","Female","UCSB",0.243
"106","UCSB_IZC00047210_R",0.394056405013285,0.317188674747555,-0.0140756746917493,-0.105310114975468,-0.343152548262432,-0.501763546281457,0.0143062059561945,0.0757040792671568,0.163046519226917,0.0984130869609245,0.252543906304429,0.174149002054793,0.202467158123049,0.0237116334291434,0.00245631103716433,-0.168200904392186,-0.276675258321901,-0.308864935195415,"Halictus farinosus","Halictus","Halictinae","Halictidae","Female","UCSB",NA
"107","UCSB_IZC00036773_R",0.389195277755852,0.31531785086728,-0.0136613968056229,-0.108921509775666,-0.341441238134322,-0.502849563998949,0.0138397890216955,0.0791457179095128,0.169375073160221,0.103621498421572,0.244847061834994,0.173074304238256,0.203856056472968,0.0301245808279836,0.00633248445051141,-0.173240728824713,-0.281492769379945,-0.307122488041628,"Halictus farinosus","Halictus","Halictinae","Halictidae","Female","UCSB",NA
"108","UCSB_IZC00047210_L",0.394688810638264,0.316090552293604,-0.0113686434036781,-0.104355650763195,-0.347030736910003,-0.500503330010271,0.0134996031498872,0.0774294941610398,0.161549900844352,0.102754169586305,0.249963997594325,0.173582460569348,0.199305295807742,0.0217658758106415,0.00686669530412151,-0.167793372937913,-0.280003071816931,-0.306442049917636,"Halictus farinosus","Halictus","Halictinae","Halictidae","Female","UCSB",NA
"109","UCSB_IZC00042935_R",0.395712335229571,0.313114292777875,-0.0204530922894157,-0.113382353358796,-0.336375196620698,-0.492359690331117,0.0116237552523116,0.078287824669856,0.163832124670412,0.0993264176980261,0.256119517807947,0.176070076057465,0.203739416759722,0.0267258407283875,0.00641529644361697,-0.170195352555879,-0.285793634586808,-0.31240757835248,"Halictus farinosus","Halictus","Halictinae","Halictidae","Female","UCSB",NA
"110","UCSB_IZC00036773_L",0.392339433495927,0.314649518306793,-0.0119104593071969,-0.114203104498396,-0.337975020401701,-0.493615076382088,0.010914838528679,0.0770792193550449,0.162720650902943,0.101726422078335,0.2540878113945,0.177583769544326,0.207227118323898,0.0246874510974479,0.00513734079272069,-0.176379407859787,-0.283556849709546,-0.310513655661894,"Halictus farinosus","Halictus","Halictinae","Halictidae","Female","UCSB",NA
"111","LACM_ENT247827_R",0.419753117678397,0.23496987551872,0.0349529080895451,-0.104198789407984,-0.36873430970007,-0.540667311411721,0.0135550489653325,0.121665521269155,0.188703938998623,0.0913544393159002,0.188203579965381,0.18014560730439,0.212106867897759,0.0293803961597783,0.00573570044262393,-0.121958323854588,-0.270533561654915,-0.314434705576329,"Hesperapis larreae","Hesperapis","Dasypodainae","Melittidae","Female","LACM",0.167
"112","LACM_ENT601903_R",0.413000883280029,0.229642577609765,0.0279353023902302,-0.100574885997852,-0.372232013206798,-0.536634692124115,0.0163743706555294,0.129406742806963,0.193081714586251,0.0887843894783699,0.189128547073328,0.18321390211223,0.216426856418254,0.0336757367422838,0.0107364701576126,-0.133253218485885,-0.266757421235937,-0.321955262260256,"Hesperapis larreae","Hesperapis","Dasypodainae","Melittidae","Female","LACM",0.163
"113","LACM_ENT601925_L",0.420551041298548,0.227333897623609,0.0280338687227449,-0.0967869542805005,-0.371611326916052,-0.541274796872134,0.0173471216734019,0.123318860333861,0.193088288416527,0.0901357949634708,0.18801049157054,0.177285494562972,0.215160535459913,0.0336220711836351,0.00765373519103958,-0.129084118706205,-0.261460420164145,-0.321323584061222,"Hesperapis larreae","Hesperapis","Dasypodainae","Melittidae","Female","LACM",0.167
"114","LACM_ENT601968_L",0.397882390841474,0.252048959180689,0.0304962403455414,-0.104778190637649,-0.381292198035641,-0.54784416300026,0.0314740374303091,0.133983835698003,0.188029088177536,0.093176535118505,0.179131371809019,0.1761420330681,0.205910719487156,0.0373207328273119,0.0138231947743552,-0.133322837256567,-0.256850163902688,-0.315331585925194,"Hesperapis larreae","Hesperapis","Dasypodainae","Melittidae","Female","LACM",0.153
"115","LACM_ENT602211_R",0.405160707295914,0.249296387233701,0.0299485299079587,-0.110262562852804,-0.365739067612063,-0.538544498089051,0.0217600873339421,0.125036956094164,0.183343460688239,0.101442111648472,0.190701011073033,0.172424889063015,0.207299432534976,0.0323165063176103,0.0166575858088382,-0.131045160678243,-0.266032304741401,-0.323764071026302,"Hesperapis larreae","Hesperapis","Dasypodainae","Melittidae","Female","LACM",0.167
"116","LACM_ENT602319_R",0.400089624051755,0.242769980699766,0.0414280184132336,-0.106017723606769,-0.363984191399669,-0.540063151338309,0.0184506811309292,0.123479380064879,0.18384738198418,0.0996676162790645,0.194349979801201,0.185319075776979,0.207265484455699,0.0364645795509744,0.00866915345638565,-0.131789262627349,-0.272416873583153,-0.3275297531098,"Hesperapis larreae","Hesperapis","Dasypodainae","Melittidae","Female","LACM",NA
"117","LACM_ENT601925_R",0.409959656429431,0.239559316108121,0.032306977657335,-0.100344208065857,-0.367047095349914,-0.544598152654033,0.0188956267106931,0.122425461122784,0.188842418041437,0.105152085671889,0.182079702748415,0.173396328712866,0.210050008967256,0.0351696373054371,0.011115902559316,-0.128981314996098,-0.259566127911942,-0.32841622305714,"Hesperapis larreae","Hesperapis","Dasypodainae","Melittidae","Female","LACM",NA
"118","LACM_ENT602232_R",0.397812082737689,0.235953736019346,0.039830680773688,-0.0860171053484712,-0.371559882564954,-0.540207206925033,0.0191120657254332,0.119625116897214,0.185450512685085,0.110567998292978,0.186637926134663,0.185821012450377,0.215808320792602,0.0293757343186646,0.0107418994709068,-0.131078159632708,-0.274162222291533,-0.33371250953595,"Hesperapis larreae","Hesperapis","Dasypodainae","Melittidae","Female","LACM",NA
"119","LACM_ENT247827_L",0.414114681338607,0.238139073357144,0.034423858593741,-0.104702109014525,-0.365186825012293,-0.540934441615822,0.0149404102593168,0.122640641508084,0.186564710585744,0.0951758328647493,0.18888405671662,0.18021765476547,0.212976498978745,0.0331631442199336,0.00530421874924603,-0.127215218048244,-0.270561944641857,-0.317944243604666,"Hesperapis larreae","Hesperapis","Dasypodainae","Melittidae","Female","LACM",NA
"120","LACM_ENT602232_L",0.401451665782192,0.233069346378475,0.044510276018222,-0.0984854790301932,-0.374197145665694,-0.532834500431075,0.0208097587958913,0.119641752832896,0.186034325319284,0.106876103999972,0.190141116648666,0.181431409181225,0.216293711519896,0.0305889524027578,0.012270724067309,-0.127525152752416,-0.276431991124395,-0.333644873943018,"Hesperapis larreae","Hesperapis","Dasypodainae","Melittidae","Female","LACM",NA
"121","UCSB_IZC00059189_L",0.409011677326323,0.27005107128785,-0.0268988781863176,-0.103516828875641,-0.329892138930748,-0.49411867796011,0.0275426353170336,0.0915583431439439,0.156262796877667,0.137885334258424,0.215754839554026,0.185043920191171,0.218958541902994,0.0236326647699689,0.026851942127731,-0.185972799381455,-0.291600755069131,-0.330553688353731,"Lasioglossum hitchensi","Lasioglossum","Halictinae","Halictidae","Female","UCSB",0.115
"122","UCSB_IZC00063940_L",0.406524422741093,0.258952826215029,-0.0277026241199621,-0.119238695275827,-0.330108619340192,-0.523264011667335,0.0511369163284171,0.10755655677952,0.176143228339253,0.10834017340219,0.196576829035286,0.18410909409307,0.223190849944141,0.0348573479927712,0.0248700863193795,-0.172548678365547,-0.277344518584816,-0.322051183836479,"Lasioglossum hitchensi","Lasioglossum","Halictinae","Halictidae","Female","UCSB",0.108
"123","UCSB_IZC00065443_L",0.415946878224518,0.26761624602073,-0.0228799827636085,-0.104359368477829,-0.323245709557745,-0.51686299880746,0.0387481169285805,0.0869673319897236,0.158069486443094,0.12572621102581,0.209423009952712,0.19009772625733,0.21625455250549,0.0211692567430518,0.0212741244020086,-0.187029374365128,-0.279680488309858,-0.317235018211418,"Lasioglossum hitchensi","Lasioglossum","Halictinae","Halictidae","Female","UCSB",0.117
"124","UCSB_IZC00058777_L",0.396459920788561,0.251060162052248,-0.0312869783936363,-0.106742267708687,-0.331261996213343,-0.527030271173111,0.0575601842177847,0.110598306942731,0.180642939487454,0.108188954817672,0.193608041970801,0.194742473863256,0.231260242926924,0.0341408444013619,0.029779332059677,-0.188807796048883,-0.28050866919158,-0.322403424799232,"Lasioglossum hitchensi","Lasioglossum","Halictinae","Halictidae","Female","UCSB",0.107
"125","UCSB_IZC00055286_L",0.409258766362676,0.258591315975983,-0.0147164903082202,-0.123368810232422,-0.320005328090215,-0.513805742932003,0.0401802202465439,0.0963846099010242,0.167481459076629,0.123210324901289,0.198964220471155,0.190546111790951,0.229438447079041,0.0367371568200138,0.0135090402449291,-0.180773297124067,-0.286533290977338,-0.325098713205975,"Lasioglossum hitchensi","Lasioglossum","Halictinae","Halictidae","Female","UCSB",0.107
"126","UCSB_IZC00059219_L",0.407677592131095,0.266260323599139,-0.0250882566648931,-0.115386272847566,-0.314085751582392,-0.522170229809516,0.0397986062947777,0.0957095430070649,0.167284445872296,0.119258382932256,0.207452878222059,0.189930511976154,0.215180563477203,0.0392592845802773,0.0168336781932916,-0.181200641749235,-0.285466089815163,-0.321248567816837,"Lasioglossum hitchensi","Lasioglossum","Halictinae","Halictidae","Female","UCSB",0.113
"127","UCSB_IZC00063917_L",0.406252901125068,0.27689687800071,-0.0301858061758744,-0.104404394043301,-0.325623236977588,-0.52417548545571,0.0384528005611317,0.0968132238674381,0.165973119098123,0.11264162856606,0.204133145026834,0.188962964753054,0.223232074306705,0.0278330909283434,0.0118963171018448,-0.177650112771669,-0.277168291541699,-0.313880816369473,"Lasioglossum hitchensi","Lasioglossum","Halictinae","Halictidae","Female","UCSB",0.101
"128","UCSB_IZC00063954_L",0.412355052892692,0.268959659608379,-0.0269092604695415,-0.104701104180463,-0.324330456009281,-0.514676383068909,0.0424705157793648,0.0908581436944178,0.155973831753345,0.129007878851336,0.211201505556919,0.182385886925641,0.215587973928446,0.0241314178225256,0.0252926915734709,-0.183029904709535,-0.280191702672748,-0.324385747276053,"Lasioglossum hitchensi","Lasioglossum","Halictinae","Halictidae","Female","UCSB",0.1
"129","UCSB_IZC00059172_L",0.405689672330386,0.277103299657683,-0.0297430573338033,-0.108465201985579,-0.320325299690125,-0.507296122515174,0.0317229488715611,0.0879257590205041,0.163388001644549,0.128293331438959,0.212642222975047,0.187014892024151,0.221404607818128,0.0314458514165748,0.0177551111477261,-0.191698536635268,-0.287131218462791,-0.319726261722527,"Lasioglossum hitchensi","Lasioglossum","Halictinae","Halictidae","Female","UCSB",0.112
"130","UCSB_IZC00063955_L",0.394839682537325,0.277310333159842,-0.0289658933677958,-0.10619820362105,-0.336795897409737,-0.512192795235683,0.0464872978647549,0.0979513729703681,0.167564103101973,0.122102402073214,0.205461016878642,0.185414809322128,0.222774288594586,0.027532045421938,0.0283388449288272,-0.19494220561529,-0.276274035920378,-0.32040716568367,"Lasioglossum hitchensi","Lasioglossum","Halictinae","Halictidae","Female","UCSB",0.108
"131","UCSB_IZC00055265_L",0.443354051063762,0.333628316717853,0.0132200546083881,-0.141771588698788,-0.374804275824263,-0.438212511168638,-0.00154642209842404,0.0530838083419077,0.1130485670582,0.181309774962409,0.2294307202192,0.141091936469714,0.164536380540046,0.000478670012662642,0.0234663187042815,-0.136267781175202,-0.293043688383216,-0.311002331349901,"Megachile mendica","Megachile","Megachilinae","Megachilidae","Female","UCSB",0.268
"132","UCSB_IZC00055304_L",0.450687260372785,0.309753559353943,0.00722781554331454,-0.153063290845099,-0.368802911587005,-0.429399532161006,0.00390945076607543,0.0546476278285777,0.12504002072842,0.180782426463866,0.226698403340694,0.146677716084866,0.161130446172128,0.0138393306769196,0.029898277653745,-0.131661539377585,-0.304733466720921,-0.322631594293717,"Megachile mendica","Megachile","Megachilinae","Megachilidae","Female","UCSB",0.27
"133","UCSB_IZC00055314_R",0.444348775337489,0.330119738680708,0.00861262814978678,-0.142657904267389,-0.373074080840138,-0.429074696447321,-0.0143363319232213,0.062599699409328,0.113462171900763,0.185787683576952,0.228735132976889,0.142739452547045,0.168263044175043,0.00483178571352173,0.0260675538891753,-0.149099822554807,-0.295610940091563,-0.31171389023225,"Megachile mendica","Megachile","Megachilinae","Megachilidae","Female","UCSB",0.277
"134","UCSB_IZC00058706_L",0.44150774360768,0.32844135717173,0.00264980195582783,-0.141817782355071,-0.374409046097339,-0.425127019469382,-0.0102780302860203,0.0611121604648821,0.117920815007695,0.183497577904116,0.229227162049466,0.151935675188244,0.163015431752289,0.00923253046483052,0.0268626649034893,-0.149520103989797,-0.300424332038365,-0.313826606234275,"Megachile mendica","Megachile","Megachilinae","Megachilidae","Female","UCSB",0.299
"135","UCSB_IZC00058737_R",0.452883099479852,0.323784720082958,-7.21796525503526e-05,-0.156934629680989,-0.375696625971314,-0.432084690048626,-0.00247087731662898,0.0645931596882092,0.125998023419093,0.171527734178115,0.220778773987522,0.150409982986461,0.153577961647051,0.00971178929005921,0.0323458448581313,-0.141800453175347,-0.289441216800066,-0.30711041697192,"Megachile mendica","Megachile","Megachilinae","Megachilidae","Female","UCSB",0.305
"136","UCSB_IZC00058740_L",0.449042336757566,0.335827501909259,0.00493601988910176,-0.148748793077494,-0.372343143906455,-0.416296796653772,-0.00818554886928995,0.0535224059333065,0.102246018017777,0.19280210171246,0.235861197845953,0.146265830734522,0.157957103503402,0.00193683596228027,0.027571572685863,-0.144093346589122,-0.301109076762449,-0.317192219092906,"Megachile mendica","Megachile","Megachilinae","Megachilidae","Female","UCSB",0.316
"137","UCSB_IZC00062595_R",0.45116368131148,0.328463193331349,-0.00750877373471648,-0.155790153930624,-0.374848059482551,-0.422635698329267,-0.00740059632138126,0.0632612771597228,0.125295129995986,0.17364641578442,0.225760036506536,0.150284804493148,0.156554721373003,0.00815192666864682,0.033464346377622,-0.144509480635001,-0.295480639398857,-0.307872131169519,"Megachile mendica","Megachile","Megachilinae","Megachilidae","Female","UCSB",0.31
"138","UCSB_IZC00062639_L",0.453128733402146,0.333347806599252,0.00534626861654336,-0.136751472406987,-0.377655808315528,-0.431304048558796,-0.00254325619566297,0.0502034649979423,0.10622831186109,0.183413148168104,0.227178041273183,0.149471296974189,0.162007287656242,-0.00536266510577893,0.0198180739082331,-0.131427929562386,-0.296094170287918,-0.309003083023871,"Megachile mendica","Megachile","Megachilinae","Megachilidae","Female","UCSB",0.325
"139","UCSB_IZC00062640_L",0.447211252152563,0.33177678830692,-0.00740761037977576,-0.144836670921267,-0.3712218241939,-0.423435870291267,-0.00300207942456726,0.0601407470143813,0.110775267736911,0.179850185855868,0.231301607504876,0.150511550587361,0.164948357227006,0.0118533634354856,0.0202915075368901,-0.147200749247326,-0.298963825569841,-0.312591997330318,"Megachile mendica","Megachile","Megachilinae","Megachilidae","Female","UCSB",0.296
"140","UCSB_IZC00058706_R",0.434823608117681,0.332001338101995,0.00379208972477844,-0.13005540923593,-0.37087054934982,-0.433674702697942,-0.0098579213448408,0.059973121098423,0.113868425585655,0.190800519420766,0.229094706281859,0.146660805180991,0.167152731982614,0.0123860720388875,0.0226306426303808,-0.153427238417288,-0.299663010359013,-0.315635228759196,"Megachile mendica","Megachile","Megachilinae","Megachilidae","Female","UCSB",NA
"141","UCSB_IZC00009970_L",0.437663979843091,0.289891037482573,-0.0125017199526222,-0.202437190713876,-0.39023611331685,-0.437157850475415,0.0377680780590158,0.104498924799826,0.172510854274256,0.126905868757475,0.199483405943878,0.152864995435041,0.148702052721843,0.0301432576293379,0.0627110077737495,-0.100851007000465,-0.293377438253577,-0.326582143007281,"Osmia nemoris","Osmia","Megachilinae","Megachilidae","Female","UCSB",0.208
"142","UCSB_IZC00043741_L",0.434856433443769,0.292072354900563,-0.00326080730630538,-0.196290931003364,-0.394091049857334,-0.45206876691276,0.0293484078604999,0.110186010508704,0.17924834836623,0.122938124387658,0.191260311736457,0.152435188577557,0.14756618186608,0.0297623207011361,0.060692535109062,-0.10492978387884,-0.283432113962724,-0.316292764536386,"Osmia nemoris","Osmia","Megachilinae","Megachilidae","Female","UCSB",0.25
"143","UCSB_IZC00046991_L",0.42277458331699,0.297570648585709,-0.0140883765851203,-0.186001752935239,-0.398210048208062,-0.45205027498602,0.0263283796277022,0.116926821287519,0.18675001989652,0.110997838453825,0.196129646349066,0.156953400528346,0.156624708727025,0.0274557277211313,0.0614858010816326,-0.112647105040167,-0.284901355382942,-0.312098662437917,"Osmia nemoris","Osmia","Megachilinae","Megachilidae","Female","UCSB",0.249
"144","UCSB_IZC00047335_L",0.43482252723291,0.301000099089569,-0.00803603567658374,-0.20251541331533,-0.391412965120081,-0.449364880521715,0.0281724086042961,0.110093957113456,0.177240302593476,0.119809364676949,0.196325262454778,0.149198617388784,0.147450314387765,0.0288893993702633,0.0620646787462129,-0.113818101907441,-0.278128420022588,-0.311791115094724,"Osmia nemoris","Osmia","Megachilinae","Megachilidae","Female","UCSB",0.226
"145","UCSB_IZC00047359_L",0.441731803714079,0.291086462049349,-0.00433280194150513,-0.198673872712272,-0.392612894650324,-0.4435787744393,0.0171939614620184,0.1112620194319,0.177924097086059,0.133434572200327,0.189022374827159,0.148046080106889,0.151099047398733,0.025003265324659,0.0696976469449314,-0.124971104599993,-0.282256430236338,-0.309075451966367,"Osmia nemoris","Osmia","Megachilinae","Megachilidae","Female","UCSB",0.22
"146","UCSB_IZC00036467_R",0.439766801126768,0.299263190007856,-0.0184538115313196,-0.19538541071938,-0.395916949163009,-0.445969382581141,0.0322160336914736,0.110728318429834,0.173751210738917,0.121545008687822,0.195244036414959,0.147745517042286,0.145426303057845,0.0262936012977633,0.0637375076887707,-0.105415263362499,-0.279431328215866,-0.315145382611079,"Osmia nemoris","Osmia","Megachilinae","Megachilidae","Female","UCSB",NA
"147","UCSB_IZC00009970_R",0.43572354449399,0.288955696356418,-0.00507890579435076,-0.199474681387115,-0.390028880192165,-0.446152673114686,0.0396550780338318,0.102974886213165,0.173425935390912,0.120328285937372,0.196801288487165,0.161376173094817,0.150660615239894,0.0281477649002032,0.0543514306559712,-0.0962418992668432,-0.290110917043461,-0.325312742005119,"Osmia nemoris","Osmia","Megachilinae","Megachilidae","Female","UCSB",NA
"148","UCSB_IZC00047372_R",0.433013267240691,0.299040593981693,-0.011480643738101,-0.193629706491526,-0.392601146943479,-0.449978305097697,0.0280075037610877,0.113554954659564,0.174073482627768,0.115890234909725,0.202577150303805,0.151153772413919,0.14602979009241,0.0285084733100062,0.0597885317698432,-0.104173539604377,-0.282667684860044,-0.31710672833529,"Osmia nemoris","Osmia","Megachilinae","Megachilidae","Female","UCSB",NA
"149","UCSB_IZC00036467_L",0.439039557115766,0.301396836358402,-0.0179448953893277,-0.19102170926117,-0.394037768171259,-0.450086838704882,0.0270184652182076,0.109691728383955,0.175944624450306,0.122433152001711,0.19535183883898,0.146781277320794,0.143558323745709,0.0282548224138872,0.0620226952413806,-0.107798567694244,-0.278624154606393,-0.311979387261824,"Osmia nemoris","Osmia","Megachilinae","Megachilidae","Female","UCSB",NA
"150","UCSB_IZC00047388_R",0.423183190794351,0.312850385537484,-0.0101531792169294,-0.174250617873133,-0.388887811000799,-0.45094180472159,0.021408524355821,0.102391322856584,0.164399989268206,0.1413782626853,0.200429337898171,0.144190301641591,0.153399143786674,0.0240766661149066,0.0562556252529794,-0.11233245200301,-0.287540202080331,-0.319856683296281,"Osmia nemoris","Osmia","Megachilinae","Megachilidae","Female","UCSB",NA
"151","UCSB_IZC00065365_L",0.409577300253872,0.309495175704418,0.0557331027854886,-0.0817497041966786,-0.346807023412203,-0.517455120748944,-0.0210069728500865,0.0665100765960443,0.12570316586809,0.153109696684497,0.219836718065818,0.190678077607477,0.198679821717979,-0.00184258384380707,-0.0223133440395879,-0.145114766847908,-0.277476427016395,-0.315557192328072,"Panurginus polytrichus","Panurginus","Panurginae","Andrenidae","Female","UCSB",0.124
"152","UCSB_IZC00065441_L",0.415345669321486,0.311282999618315,0.0424990576363672,-0.0868452901331694,-0.351252346578025,-0.508648776463629,-0.0247267956820644,0.0738538569826159,0.128491625298102,0.145533443172158,0.220515184717936,0.185131333739268,0.202619173076973,0.0013772019879404,-0.0226740161561944,-0.148079061077012,-0.270307882676428,-0.314115376784642,"Panurginus polytrichus","Panurginus","Panurginae","Andrenidae","Female","UCSB",0.13
"153","UCSB_IZC00065437_L",0.405562483146486,0.307196808423587,0.052193114071455,-0.0791454560986047,-0.340929168497968,-0.511536178622419,-0.0287154104133609,0.0649568090470991,0.130416998943727,0.1538362202982,0.229574258340251,0.190714219101818,0.201132684754599,0.0019628581832673,-0.019435957160193,-0.155898673428235,-0.282407682465965,-0.319477927623745,"Panurginus polytrichus","Panurginus","Panurginae","Andrenidae","Female","UCSB",0.139
"154","UCSB_IZC00065364_L",0.407908157313351,0.307760065910212,0.0437426489149895,-0.0813984189971943,-0.344510220414475,-0.517198823949379,-0.0235032367453449,0.0733402125180723,0.133859615449766,0.137877159158833,0.226642382979587,0.193927743656496,0.200562084955808,0.000966737855406893,-0.0216077030500043,-0.147612350122954,-0.274115075656767,-0.316640979776405,"Panurginus polytrichus","Panurginus","Panurginae","Andrenidae","Female","UCSB",0.134
"155","UCSB_IZC00062635_L",0.414039877854144,0.315254019872564,0.0358866556091964,-0.0725682323393426,-0.350623160912493,-0.512888785817565,-0.0243262863913444,0.0667378539445863,0.128488058180253,0.150605115119895,0.220938508650897,0.187669910891792,0.196545256153191,0.0022507468532014,-0.0234990746968245,-0.150256319831129,-0.275710269136644,-0.30854387400438,"Panurginus polytrichus","Panurginus","Panurginae","Andrenidae","Female","UCSB",0.131
"156","UCSB_IZC00062586_R",0.410788918351364,0.303850788817488,0.0392785536214693,-0.0708947097511158,-0.35168309504103,-0.520619124421507,-0.0151713976163237,0.0704148532069301,0.134035212832725,0.146756515584423,0.216144644255838,0.189247518190724,0.201869628432457,0.00254180126759714,-0.0192178942682348,-0.152759847554415,-0.272760734486904,-0.311821631421485,"Panurginus polytrichus","Panurginus","Panurginae","Andrenidae","Female","UCSB",0.134
"157","UCSB_IZC00062603_L",0.405707909824208,0.302594650425205,0.0404618105010956,-0.0649189415260176,-0.360026312528688,-0.529170188394848,-0.0101710247461262,0.0782305536799755,0.137291542765198,0.122676121119691,0.219849363690631,0.198378371765815,0.208607012201257,-0.00267329952286154,-0.0275662795461583,-0.143130670850555,-0.267540481788723,-0.308600137069095,"Panurginus polytrichus","Panurginus","Panurginae","Andrenidae","Female","UCSB",0.128
"158","UCSB_IZC00059207_R",0.400762725224771,0.307861198227798,0.0601213051486182,-0.0807814070680374,-0.339711238175097,-0.521667716623435,-0.0266463775046466,0.0696061956391329,0.130455315130894,0.151378138946934,0.224563696741389,0.194803878054603,0.199385339403784,0.000298910265872268,-0.0194190361166221,-0.152503598808128,-0.281094745408886,-0.317412583078949,"Panurginus polytrichus","Panurginus","Panurginae","Andrenidae","Female","UCSB",0.14
"159","UCSB_IZC00062613_R",0.407415123292119,0.303732178802177,0.0536387602775182,-0.0745735274863611,-0.357644711185143,-0.526632511536256,-0.021919395025945,0.0776145183463717,0.138369564515522,0.143397317220398,0.212241848830433,0.18981742862773,0.196223370592341,0.00524845738905051,-0.0189043130673682,-0.152054685947738,-0.270409555713361,-0.305559867931486,"Panurginus polytrichus","Panurginus","Panurginae","Andrenidae","Female","UCSB",0.111
"160","UCSB_IZC00065388_L",0.40999004427064,0.307660055573806,0.0498349968809694,-0.0670490663910319,-0.35220160543642,-0.523262884573255,-0.0316585240678279,0.067509877647101,0.139177106096012,0.14256669025364,0.216293025112188,0.193970680936089,0.207278329231868,-0.00823741515093151,-0.0245784335770871,-0.149087180400698,-0.270273246370401,-0.30793245003467,"Panurginus polytrichus","Panurginus","Panurginae","Andrenidae","Female","UCSB",0.125
"161","UCSB_IZC00010266_L",0.46956633829615,0.307989149370036,-0.105571538317586,-0.182095228958032,-0.356172283681251,-0.398336520590191,-0.044270124291846,0.0914462661905911,0.217443941982128,0.143633775135568,0.207231550583503,0.134640235261711,0.153697979523265,0.0474371969624532,0.0762006201791144,-0.180672926330533,-0.273148626901657,-0.309019804413425,"Xylocopa tabaniformis orpifex","Xylocopa","Xylocopinae","Apidae","Female","UCSB",0.531
"162","UCSB_IZC00012219_L",0.466281797108828,0.297398350557255,-0.0982663218119677,-0.183135562409515,-0.345389389768255,-0.410063551568443,-0.0319828627174274,0.0915529255758566,0.213604615033668,0.148017751003679,0.201267101663094,0.13515253987558,0.160135379914288,0.0606396081866347,0.0644057655517627,-0.171880956443752,-0.277768782233812,-0.319968407517475,"Xylocopa tabaniformis orpifex","Xylocopa","Xylocopinae","Apidae","Female","UCSB",0.52
"163","UCSB_IZC00012225_L",0.476354025236674,0.313520646428687,-0.11212435076281,-0.185903796467366,-0.353171671560826,-0.408859733074309,-0.029801249459949,0.0886732739459239,0.211312855713975,0.143570928228578,0.196147255706356,0.128699239890382,0.15429299380562,0.0532069312839581,0.0651119203350243,-0.169852276454831,-0.267325774432498,-0.30385121836259,"Xylocopa tabaniformis orpifex","Xylocopa","Xylocopinae","Apidae","Female","UCSB",0.519
"164","UCSB_IZC00012228_L",0.481254887286387,0.308835151172118,-0.0986282561358998,-0.190011523401602,-0.341115316688003,-0.417278781164563,-0.0375024236762605,0.0820429615458918,0.212403301061931,0.139849971224594,0.205653727954794,0.123367653329622,0.155338288013367,0.0571361353720853,0.0583737455609656,-0.173829520185332,-0.264590281757303,-0.301299719512794,"Xylocopa tabaniformis orpifex","Xylocopa","Xylocopinae","Apidae","Female","UCSB",0.534
"165","UCSB_IZC00012232_L",0.470681845082696,0.306764447474633,-0.0915108088999534,-0.173062482573466,-0.34541041572408,-0.414526635647628,-0.0432296214607215,0.0865448850136175,0.203748786734901,0.148229033282564,0.205982658326509,0.135807742047159,0.16376283738436,0.0477707091458289,0.0576532067351751,-0.178359532745711,-0.274672209702792,-0.306174444473094,"Xylocopa tabaniformis orpifex","Xylocopa","Xylocopinae","Apidae","Female","UCSB",0.517
"166","UCSB_IZC00014785_R",0.452637455687952,0.301854961467565,-0.0952984075827888,-0.171066817288353,-0.337651549364747,-0.413941342307643,-0.037188700938826,0.0883894859977844,0.212264914329057,0.157450390485874,0.201529524557907,0.141965555518871,0.168758266255885,0.0591074926966813,0.0603216679243784,-0.181254278631826,-0.279766107958276,-0.328112510849496,"Xylocopa tabaniformis orpifex","Xylocopa","Xylocopinae","Apidae","Female","UCSB",NA
"167","UCSB_IZC00010301_R",0.462599053679053,0.30020473877736,-0.104242062558147,-0.197845417019091,-0.344991814969784,-0.406103613413008,-0.0339141293980416,0.095309769493015,0.228983475408642,0.127298206284934,0.2125587143317,0.136262250452285,0.155298705993772,0.0598879494768228,0.0758690933665449,-0.179204059950882,-0.273470615912948,-0.314500244042228,"Xylocopa tabaniformis orpifex","Xylocopa","Xylocopinae","Apidae","Female","UCSB",NA
"168","UCSB_IZC00010315_R",0.475049426353345,0.319011530295429,-0.104033074868231,-0.178212300596404,-0.346103688174936,-0.416524900958999,-0.0327525926029776,0.0798225455322631,0.20374305502051,0.147151683600737,0.209088915802813,0.121042105093332,0.149640400436052,0.0511490857236791,0.0602031502239732,-0.16723119781107,-0.255627208672356,-0.315416934397159,"Xylocopa tabaniformis orpifex","Xylocopa","Xylocopinae","Apidae","Female","UCSB",NA
"169","UCSB_IZC00012184_R",0.469302084250764,0.302711800362434,-0.104946645619875,-0.176048718804033,-0.352658817374468,-0.405947096038222,-0.0326935815312082,0.0836536048776664,0.216627369876941,0.151327063594389,0.200623955877573,0.129560934642056,0.160715593900798,0.0509844779030023,0.0712753533828858,-0.17622808345814,-0.274390947077166,-0.313868348765399,"Xylocopa tabaniformis orpifex","Xylocopa","Xylocopinae","Apidae","Female","UCSB",NA
"170","UCSB_IZC00010266_R",0.470754498249995,0.305510460727427,-0.104015550755552,-0.178999001448305,-0.353962534498929,-0.401273768573199,-0.0431159846679496,0.0911059924713341,0.21399588849518,0.143891693531819,0.204514010135244,0.137696250727646,0.160370876139361,0.0472048678494762,0.0689737966183046,-0.180326960845541,-0.271750164847362,-0.310574369308947,"Xylocopa tabaniformis orpifex","Xylocopa","Xylocopinae","Apidae","Female","UCSB",NA
